osmid,y,x,street_count,ref,highway,geometry
17052772,45.5124194,-73.6600479,3,,,POINT (-73.6600479 45.5124194)
17052789,45.4905528,-73.7039501,3,62,motorway_junction,POINT (-73.7039501 45.4905528)
26232428,45.5201093,-73.5863703,4,,,POINT (-73.5863703 45.5201093)
26232430,45.5189267,-73.5874425,4,,,POINT (-73.5874425 45.5189267)
26233203,45.4937837,-73.5749264,4,,,POINT (-73.5749264 45.4937837)
26233205,45.4910961,-73.5774841,3,,,POINT (-73.5774841 45.4910961)
26233226,45.4965496,-73.5817446,4,,,POINT (-73.5817446 45.4965496)
26233234,45.5049654,-73.5734869,4,,,POINT (-73.5734869 45.5049654)
29217073,45.5100553,-73.6881158,4,,,POINT (-73.6881158 45.5100553)
29239079,45.5161351,-73.5968218,3,,,POINT (-73.5968218 45.5161351)
29239085,45.5161201,-73.5880304,3,,,POINT (-73.5880304 45.5161201)
29517075,45.4953973,-73.6201687,3,,,POINT (-73.6201687 45.4953973)
29583121,45.5026385,-73.6446278,3,,,POINT (-73.6446278 45.5026385)
29583132,45.516298,-73.6800635,3,,,POINT (-73.6800635 45.516298)
29783885,45.4949439,-73.59048,3,,,POINT (-73.59048 45.4949439)
29784599,45.5180147,-73.5816922,4,,,POINT (-73.5816922 45.5180147)
29784714,45.5008569,-73.6321761,4,385,,POINT (-73.6321761 45.5008569)
29793292,45.5083605,-73.5712782,3,331,,POINT (-73.5712782 45.5083605)
29793981,45.5082068,-73.580112,3,,,POINT (-73.580112 45.5082068)
29794074,45.5124967,-73.5694423,4,,,POINT (-73.5694423 45.5124967)
29794111,45.5223541,-73.5912894,4,,,POINT (-73.5912894 45.5223541)
29794112,45.5224092,-73.591409,4,,,POINT (-73.591409 45.5224092)
29794134,45.5168259,-73.5828148,3,,,POINT (-73.5828148 45.5168259)
29794279,45.5018042,-73.5673717,4,,,POINT (-73.5673717 45.5018042)
29794280,45.5019344,-73.5672404,4,,,POINT (-73.5672404 45.5019344)
29794284,45.5076709,-73.5624936,4,,,POINT (-73.5624936 45.5076709)
29794285,45.5087935,-73.5614965,4,,,POINT (-73.5614965 45.5087935)
29794316,45.5112631,-73.5667781,4,,,POINT (-73.5667781 45.5112631)
29795235,45.5158884,-73.5944049,2,,crossing,POINT (-73.5944049 45.5158884)
29795878,45.5127307,-73.5582752,4,,,POINT (-73.5582752 45.5127307)
29795957,45.5088663,-73.5616579,4,,,POINT (-73.5616579 45.5088663)
29796354,45.5077404,-73.5626294,4,,,POINT (-73.5626294 45.5077404)
29796362,45.5019999,-73.567378,4,,,POINT (-73.567378 45.5019999)
29796758,45.4901593,-73.5785543,3,,,POINT (-73.5785543 45.4901593)
29796846,45.4949213,-73.5964307,4,,,POINT (-73.5964307 45.4949213)
29796963,45.5018414,-73.5765662,4,601,,POINT (-73.5765662 45.5018414)
30453004,45.5167861,-73.5893161,5,,,POINT (-73.5893161 45.5167861)
30914720,45.5682367,-73.5341551,4,,,POINT (-73.5341551 45.5682367)
30914729,45.5309309,-73.5434971,3,,,POINT (-73.5434971 45.5309309)
31243663,45.5043253,-73.6664506,3,,motorway_junction,POINT (-73.6664506 45.5043253)
31278805,45.5424277,-73.6413903,4,262,,POINT (-73.6413903 45.5424277)
31278811,45.5469768,-73.6598749,4,,,POINT (-73.6598749 45.5469768)
31362124,45.4953053,-73.5885454,3,,,POINT (-73.5885454 45.4953053)
31362125,45.4963815,-73.5866859,4,,,POINT (-73.5866859 45.4963815)
31461015,45.4962259,-73.5879869,3,,,POINT (-73.5879869 45.4962259)
31461017,45.49532,-73.5896725,3,,,POINT (-73.5896725 45.49532)
31629422,45.5249906,-73.5575266,3,,,POINT (-73.5575266 45.5249906)
31630405,45.554453,-73.620908,4,,,POINT (-73.620908 45.554453)
31630568,45.5480538,-73.6246404,4,,,POINT (-73.6246404 45.5480538)
31630861,45.5424759,-73.6120099,4,330,,POINT (-73.6120099 45.5424759)
31631614,45.5126703,-73.5581452,4,,,POINT (-73.5581452 45.5126703)
31699856,45.4875223,-73.6372768,4,425,,POINT (-73.6372768 45.4875223)
31703077,45.4837544,-73.5796067,4,,,POINT (-73.5796067 45.4837544)
31703081,45.4811939,-73.578021,4,,,POINT (-73.578021 45.4811939)
31703083,45.480546,-73.5775069,3,,,POINT (-73.5775069 45.480546)
31703537,45.4806212,-73.5772693,4,,,POINT (-73.5772693 45.4806212)
31703539,45.4812717,-73.5778989,4,,,POINT (-73.5778989 45.4812717)
31703543,45.4838318,-73.5794689,4,,,POINT (-73.5794689 45.4838318)
31703546,45.4856259,-73.580588,4,,,POINT (-73.580588 45.4856259)
31705442,45.5123181,-73.5794448,3,,,POINT (-73.5794448 45.5123181)
31705445,45.5158215,-73.5870711,3,,,POINT (-73.5870711 45.5158215)
31705533,45.5162479,-73.5883112,4,,,POINT (-73.5883112 45.5162479)
31705722,45.5115676,-73.5781926,4,,,POINT (-73.5781926 45.5115676)
31706063,45.5110602,-73.5787397,4,,,POINT (-73.5787397 45.5110602)
31706064,45.5111996,-73.578529,3,,,POINT (-73.578529 45.5111996)
31706123,45.5103997,-73.5786352,3,,,POINT (-73.5786352 45.5103997)
31706267,45.5087139,-73.5798583,3,,,POINT (-73.5798583 45.5087139)
31706407,45.5127653,-73.580783,3,,,POINT (-73.580783 45.5127653)
31706588,45.5072827,-73.5804879,3,,,POINT (-73.5804879 45.5072827)
31706824,45.503348,-73.5794938,4,,,POINT (-73.5794938 45.503348)
31776718,45.5111082,-73.570041,4,,,POINT (-73.570041 45.5111082)
31776971,45.5572669,-73.5627549,3,,,POINT (-73.5627549 45.5572669)
31777010,45.5411311,-73.5736414,4,,,POINT (-73.5736414 45.5411311)
31777023,45.5494563,-73.56821,4,,,POINT (-73.56821 45.5494563)
31777024,45.5495504,-73.5681547,4,,,POINT (-73.5681547 45.5495504)
31777038,45.5572293,-73.5626315,3,,,POINT (-73.5626315 45.5572293)
31777189,45.5262116,-73.5878305,4,,,POINT (-73.5878305 45.5262116)
31777190,45.5262644,-73.5879503,4,,,POINT (-73.5879503 45.5262644)
32124362,45.473355,-73.6103392,4,,,POINT (-73.6103392 45.473355)
32124365,45.4743074,-73.6088246,4,301,,POINT (-73.6088246 45.4743074)
32124404,45.500885,-73.5746996,2,406,,POINT (-73.5746996 45.500885)
32124566,45.4925317,-73.5722786,4,,,POINT (-73.5722786 45.4925317)
32124567,45.4914247,-73.5699558,4,,,POINT (-73.5699558 45.4914247)
32124569,45.4901015,-73.5671946,4,,,POINT (-73.5671946 45.4901015)
32124570,45.4891554,-73.5652131,1,,,POINT (-73.5652131 45.4891554)
32124688,45.4968912,-73.566804,6,,,POINT (-73.566804 45.4968912)
32124689,45.4975204,-73.5660211,3,635,,POINT (-73.5660211 45.4975204)
32124690,45.4982314,-73.5651489,3,,,POINT (-73.5651489 45.4982314)
32124692,45.4995855,-73.5635191,4,,,POINT (-73.5635191 45.4995855)
32124693,45.4996899,-73.5633727,4,,,POINT (-73.5633727 45.4996899)
32124695,45.5017165,-73.5616276,2,,crossing,POINT (-73.5616276 45.5017165)
32124735,45.4812068,-73.5829616,3,,,POINT (-73.5829616 45.4812068)
32124752,45.4953774,-73.5661519,3,,,POINT (-73.5661519 45.4953774)
32124753,45.4961948,-73.5653643,4,,,POINT (-73.5653643 45.4961948)
32124754,45.4968894,-73.5647074,4,,,POINT (-73.5647074 45.4968894)
32125078,45.5019002,-73.5674744,4,,,POINT (-73.5674744 45.5019002)
32125245,45.4903218,-73.550641,3,2,motorway_junction,POINT (-73.550641 45.4903218)
32582952,45.5029987,-73.6677962,3,,motorway_junction,POINT (-73.6677962 45.5029987)
32585167,45.5546416,-73.5544703,4,,,POINT (-73.5544703 45.5546416)
32585244,45.5608617,-73.5738348,4,,,POINT (-73.5738348 45.5608617)
32661140,45.4626182,-73.5634751,5,,,POINT (-73.5634751 45.4626182)
32661193,45.4617329,-73.5629739,3,,,POINT (-73.5629739 45.4617329)
32661260,45.4677005,-73.5664976,4,,,POINT (-73.5664976 45.4677005)
32661282,45.4812897,-73.5584235,2,,,POINT (-73.5584235 45.4812897)
32661292,45.4890695,-73.5570668,3,,,POINT (-73.5570668 45.4890695)
32661319,45.49277,-73.5577848,2,,,POINT (-73.5577848 45.49277)
32661535,45.4518365,-73.5679883,3,,,POINT (-73.5679883 45.4518365)
32662002,45.4209928,-73.6516534,3,,,POINT (-73.6516534 45.4209928)
32662079,45.4262832,-73.5962976,2,,,POINT (-73.5962976 45.4262832)
32672036,45.4513055,-73.5680481,3,,,POINT (-73.5680481 45.4513055)
32672204,45.4513671,-73.5678163,3,,,POINT (-73.5678163 45.4513671)
32764434,45.4625203,-73.5811333,4,,,POINT (-73.5811333 45.4625203)
32764514,45.4233464,-73.622099,4,,,POINT (-73.622099 45.4233464)
95871978,45.4484365,-73.7173282,3,58,motorway_junction,POINT (-73.7173282 45.4484365)
97876387,45.4705418,-73.5908258,4,,,POINT (-73.5908258 45.4705418)
98356322,45.4696149,-73.7129659,3,4,motorway_junction,POINT (-73.7129659 45.4696149)
98356331,45.4614769,-73.7239874,3,3,motorway_junction,POINT (-73.7239874 45.4614769)
98367588,45.4944623,-73.6787481,4,,,POINT (-73.6787481 45.4944623)
98372194,45.4709262,-73.7113885,3,2,motorway_junction,POINT (-73.7113885 45.4709262)
98422950,45.4900906,-73.7350562,3,,,POINT (-73.7350562 45.4900906)
98422970,45.4945623,-73.6877345,3,65,motorway_junction,POINT (-73.6877345 45.4945623)
98427837,45.4875798,-73.6381218,3,66,motorway_junction,POINT (-73.6381218 45.4875798)
98430305,45.475356,-73.6154913,3,64,motorway_junction,POINT (-73.6154913 45.475356)
110468282,45.6977504,-73.509004,1,,,POINT (-73.509004 45.6977504)
110735559,45.4896089,-73.7632076,3,,,POINT (-73.7632076 45.4896089)
110735562,45.4898676,-73.7581103,3,,,POINT (-73.7581103 45.4898676)
110744827,45.4939098,-73.6913405,3,,,POINT (-73.6913405 45.4939098)
110756937,45.495578,-73.6785233,3,,,POINT (-73.6785233 45.495578)
110756942,45.4951168,-73.6839877,3,,,POINT (-73.6839877 45.4951168)
110756949,45.4940732,-73.6934566,3,,,POINT (-73.6934566 45.4940732)
110756955,45.4928041,-73.6975686,3,,,POINT (-73.6975686 45.4928041)
110756956,45.4922046,-73.699509,3,,,POINT (-73.699509 45.4922046)
110756966,45.4891795,-73.7118594,3,,,POINT (-73.7118594 45.4891795)
116346914,45.4610948,-73.6961369,3,2,motorway_junction,POINT (-73.6961369 45.4610948)
116346933,45.4730172,-73.7072355,3,,,POINT (-73.7072355 45.4730172)
116346934,45.473668,-73.7082163,3,3-O,motorway_junction,POINT (-73.7082163 45.473668)
116346943,45.4851606,-73.7287927,3,6,motorway_junction,POINT (-73.7287927 45.4851606)
116346953,45.4929276,-73.7402821,3,,,POINT (-73.7402821 45.4929276)
116352308,45.4966915,-73.746441,3,8,motorway_junction,POINT (-73.746441 45.4966915)
116352322,45.508421,-73.7614456,3,,,POINT (-73.7614456 45.508421)
116383726,45.4729892,-73.7074688,3,3-E,motorway_junction,POINT (-73.7074688 45.4729892)
116386236,45.4479808,-73.7011176,3,60,motorway_junction,POINT (-73.7011176 45.4479808)
116392129,45.4446686,-73.6931155,3,,,POINT (-73.6931155 45.4446686)
116408681,45.4481099,-73.7008286,3,,,POINT (-73.7008286 45.4481099)
116415774,45.4371903,-73.6919571,3,,,POINT (-73.6919571 45.4371903)
116443132,45.4877032,-73.7313003,3,,motorway_junction,POINT (-73.7313003 45.4877032)
116474772,45.4910251,-73.7448525,3,,,POINT (-73.7448525 45.4910251)
122829001,45.5320546,-73.669882,3,2,motorway_junction,POINT (-73.669882 45.5320546)
122829020,45.5288431,-73.6589305,3,1-E,motorway_junction,POINT (-73.6589305 45.5288431)
127962991,45.5257456,-73.6102023,4,,,POINT (-73.6102023 45.5257456)
159117726,45.5227922,-73.5458787,5,,,POINT (-73.5458787 45.5227922)
159117733,45.5307491,-73.563041,4,,,POINT (-73.563041 45.5307491)
159123336,45.5206433,-73.5478915,4,,,POINT (-73.5478915 45.5206433)
159123341,45.5144177,-73.5526023,3,7,motorway_junction,POINT (-73.5526023 45.5144177)
159123359,45.5171431,-73.548764,3,,traffic_signals,POINT (-73.548764 45.5171431)
159123378,45.5234833,-73.5456226,3,,,POINT (-73.5456226 45.5234833)
159935895,45.5236559,-73.5478208,5,,,POINT (-73.5478208 45.5236559)
159938567,45.5255248,-73.5455484,3,,,POINT (-73.5455484 45.5255248)
189725364,45.5426817,-73.6627937,2,,crossing,POINT (-73.6627937 45.5426817)
191394327,45.5515189,-73.6555045,4,367,,POINT (-73.6555045 45.5515189)
191394388,45.5545211,-73.6540725,4,,,POINT (-73.6540725 45.5545211)
194611911,45.5412881,-73.6421401,4,,,POINT (-73.6421401 45.5412881)
194615794,45.5306085,-73.6641431,3,2,motorway_junction,POINT (-73.6641431 45.5306085)
208721773,45.5003956,-73.564393,4,,,POINT (-73.564393 45.5003956)
208721777,45.5018856,-73.5627543,3,,,POINT (-73.5627543 45.5018856)
208721780,45.5019688,-73.5629606,3,5,motorway_junction,POINT (-73.5629606 45.5019688)
208735409,45.498858,-73.5627236,3,,,POINT (-73.5627236 45.498858)
208735453,45.4954433,-73.5630136,4,,,POINT (-73.5630136 45.4954433)
208743980,45.4971457,-73.5625954,3,,,POINT (-73.5625954 45.4971457)
208744041,45.496638,-73.5642013,3,,,POINT (-73.5642013 45.496638)
208778425,45.5002531,-73.5733798,1,,,POINT (-73.5733798 45.5002531)
208797635,45.4944222,-73.5679002,1,,,POINT (-73.5679002 45.4944222)
208797650,45.4937835,-73.5697809,3,,motorway_junction,POINT (-73.5697809 45.4937835)
208797681,45.4952896,-73.5671688,3,,motorway_junction,POINT (-73.5671688 45.4952896)
208798724,45.4940768,-73.5703632,3,,,POINT (-73.5703632 45.4940768)
208798731,45.4935471,-73.5715426,3,,,POINT (-73.5715426 45.4935471)
208863157,45.5279502,-73.5639353,4,,,POINT (-73.5639353 45.5279502)
209370661,45.5024477,-73.6357426,3,,,POINT (-73.6357426 45.5024477)
209396025,45.4896782,-73.6421297,4,419,,POINT (-73.6421297 45.4896782)
209444503,45.524635,-73.5568364,3,,,POINT (-73.5568364 45.524635)
209473894,45.5411778,-73.5737583,4,,,POINT (-73.5737583 45.5411778)
209493251,45.5368403,-73.5635161,4,,,POINT (-73.5635161 45.5368403)
209493254,45.5373904,-73.5630181,4,,,POINT (-73.5630181 45.5373904)
209493277,45.5359182,-73.5613485,4,,,POINT (-73.5613485 45.5359182)
209493280,45.5365536,-73.561019,4,,,POINT (-73.561019 45.5365536)
209493335,45.5390403,-73.5687516,4,,,POINT (-73.5687516 45.5390403)
209493338,45.5393863,-73.5684807,3,,,POINT (-73.5684807 45.5393863)
209493344,45.5396713,-73.5702141,3,,,POINT (-73.5702141 45.5396713)
209493393,45.5324372,-73.5531484,4,,,POINT (-73.5531484 45.5324372)
209507952,45.5329994,-73.5526519,4,,,POINT (-73.5526519 45.5329994)
209507991,45.5395968,-73.5483289,2,,,POINT (-73.5483289 45.5395968)
209507995,45.5376324,-73.5494857,2,,,POINT (-73.5494857 45.5376324)
209508155,45.5261297,-73.5531631,3,,,POINT (-73.5531631 45.5261297)
209508169,45.5252526,-73.5562277,3,,,POINT (-73.5562277 45.5252526)
209508176,45.5247103,-73.5563813,3,,,POINT (-73.5563813 45.5247103)
209508183,45.5243002,-73.5560628,3,,,POINT (-73.5560628 45.5243002)
209508253,45.5256865,-73.554461,3,,,POINT (-73.554461 45.5256865)
212659205,45.4875612,-73.5595132,3,534,,POINT (-73.5595132 45.4875612)
213301450,45.4917843,-73.5888133,3,,,POINT (-73.5888133 45.4917843)
213369716,45.4752009,-73.61423,1,,,POINT (-73.61423 45.4752009)
213403973,45.4791607,-73.6195646,3,,,POINT (-73.6195646 45.4791607)
213432489,45.4953701,-73.5961299,3,294,,POINT (-73.5961299 45.4953701)
213432652,45.4806147,-73.6229175,4,,,POINT (-73.6229175 45.4806147)
213573273,45.4861883,-73.6342223,3,,,POINT (-73.6342223 45.4861883)
213759681,45.5652567,-73.5543568,4,,,POINT (-73.5543568 45.5652567)
213759684,45.5653846,-73.5542821,4,,,POINT (-73.5542821 45.5653846)
213759730,45.5547044,-73.5546695,4,,,POINT (-73.5546695 45.5547044)
213759734,45.5545693,-73.5546902,4,,,POINT (-73.5546902 45.5545693)
213759739,45.5545003,-73.5544828,4,,,POINT (-73.5544828 45.5545003)
213759792,45.557116,-73.5627035,4,,,POINT (-73.5627035 45.557116)
213759796,45.557155,-73.562826,4,,,POINT (-73.562826 45.557155)
213759835,45.5459466,-73.5560264,3,,,POINT (-73.5560264 45.5459466)
213760144,45.5495504,-73.568335,5,,,POINT (-73.568335 45.5495504)
213792430,45.5608226,-73.5736983,4,,,POINT (-73.5736983 45.5608226)
213792442,45.5606828,-73.5738296,4,,,POINT (-73.5738296 45.5606828)
213792446,45.5607205,-73.5739532,4,,,POINT (-73.5739532 45.5607205)
213839132,45.5532677,-73.5804591,4,,,POINT (-73.5804591 45.5532677)
213839182,45.5691753,-73.5662377,4,,,POINT (-73.5662377 45.5691753)
213839214,45.5692269,-73.5663564,4,,,POINT (-73.5663564 45.5692269)
213839400,45.5694608,-73.5668427,3,,,POINT (-73.5668427 45.5694608)
213839404,45.56931,-73.5662826,4,,,POINT (-73.5662826 45.56931)
213839407,45.5692685,-73.5661525,4,,,POINT (-73.5661525 45.5692685)
213870599,45.5465017,-73.5862497,4,,,POINT (-73.5862497 45.5465017)
213883249,45.5349069,-73.5949813,3,,,POINT (-73.5949813 45.5349069)
213943474,45.5340701,-73.6188618,4,,,POINT (-73.6188618 45.5340701)
213948509,45.5389533,-73.6312429,4,,,POINT (-73.6312429 45.5389533)
213962616,45.5406818,-73.6131499,3,,,POINT (-73.6131499 45.5406818)
213966567,45.5279274,-73.6151167,2,,,POINT (-73.6151167 45.5279274)
213972392,45.527815,-73.6067366,2,,,POINT (-73.6067366 45.527815)
215084065,45.4986579,-73.6597316,3,,,POINT (-73.6597316 45.4986579)
215124574,45.5487456,-73.6236346,3,,,POINT (-73.6236346 45.5487456)
215135344,45.5544934,-73.6228204,4,267,,POINT (-73.6228204 45.5544934)
215135366,45.5539824,-73.621814,4,308,,POINT (-73.621814 45.5539824)
215207683,45.5413,-73.6415309,3,,crossing,POINT (-73.6415309 45.5413)
215207833,45.5502053,-73.6294157,4,,,POINT (-73.6294157 45.5502053)
215208280,45.5493474,-73.6325787,3,,motorway_junction,POINT (-73.6325787 45.5493474)
215220935,45.5278182,-73.6537849,2,,,POINT (-73.6537849 45.5278182)
215239838,45.5275854,-73.6379199,3,,,POINT (-73.6379199 45.5275854)
215622744,45.5734961,-73.5488769,4,,,POINT (-73.5488769 45.5734961)
215622747,45.5734347,-73.549095,4,,,POINT (-73.549095 45.5734347)
215622753,45.573542,-73.5490175,4,,,POINT (-73.5490175 45.573542)
215622850,45.5856728,-73.5088892,2,,,POINT (-73.5088892 45.5856728)
215646362,45.5733053,-73.5483913,3,,,POINT (-73.5483913 45.5733053)
215646369,45.569859,-73.5380926,5,,,POINT (-73.5380926 45.569859)
215646520,45.5881648,-73.5213164,3,,,POINT (-73.5213164 45.5881648)
215665097,45.5293652,-73.5440746,3,,,POINT (-73.5440746 45.5293652)
215665103,45.5288379,-73.5446174,4,,,POINT (-73.5446174 45.5288379)
215665107,45.5229429,-73.5462153,4,,,POINT (-73.5462153 45.5229429)
215665144,45.5845608,-73.5085774,3,,,POINT (-73.5085774 45.5845608)
215694578,45.5294658,-73.5443194,4,,,POINT (-73.5443194 45.5294658)
215694608,45.5212756,-73.5490717,3,,,POINT (-73.5490717 45.5212756)
215694613,45.5209685,-73.5493534,3,,,POINT (-73.5493534 45.5209685)
215694618,45.5204726,-73.5480138,4,,,POINT (-73.5480138 45.5204726)
215694633,45.5181335,-73.5491077,3,,,POINT (-73.5491077 45.5181335)
215694739,45.515242,-73.5515765,3,,,POINT (-73.5515765 45.515242)
218156392,45.5554546,-73.6237041,4,,,POINT (-73.6237041 45.5554546)
218156429,45.5553513,-73.6238529,3,,,POINT (-73.6238529 45.5553513)
218172574,45.5664764,-73.5914148,4,,,POINT (-73.5914148 45.5664764)
218198366,45.5737501,-73.5806742,3,,,POINT (-73.5806742 45.5737501)
218198486,45.5761266,-73.5937438,4,,,POINT (-73.5937438 45.5761266)
218198510,45.558226,-73.6122186,4,,,POINT (-73.6122186 45.558226)
218198553,45.5620793,-73.6065599,4,,,POINT (-73.6065599 45.5620793)
218198564,45.5625496,-73.6061092,4,,,POINT (-73.6061092 45.5625496)
218198612,45.5766345,-73.5948872,4,,,POINT (-73.5948872 45.5766345)
218198719,45.5675467,-73.5904872,1,,,POINT (-73.5904872 45.5675467)
218198807,45.5588753,-73.5983059,4,,,POINT (-73.5983059 45.5588753)
218198874,45.5587861,-73.5983855,4,,,POINT (-73.5983855 45.5587861)
218211037,45.5619038,-73.6044132,1,,,POINT (-73.6044132 45.5619038)
218211165,45.5538269,-73.6202192,3,,,POINT (-73.6202192 45.5538269)
218315566,45.5503447,-73.5411969,4,,,POINT (-73.5411969 45.5503447)
218315575,45.5613925,-73.534183,3,,,POINT (-73.534183 45.5613925)
218315701,45.5588375,-73.5271706,1,,,POINT (-73.5271706 45.5588375)
220743779,45.4704822,-73.6075016,5,364,,POINT (-73.6075016 45.4704822)
220784749,45.4658278,-73.6115617,3,,,POINT (-73.6115617 45.4658278)
220784753,45.4655713,-73.6123045,4,,,POINT (-73.6123045 45.4655713)
220784754,45.4654918,-73.6122309,3,,,POINT (-73.6122309 45.4654918)
220784789,45.4648491,-73.615067,3,,,POINT (-73.615067 45.4648491)
220784852,45.4661466,-73.6135099,3,,,POINT (-73.6135099 45.4661466)
220784854,45.4654484,-73.6143802,2,,,POINT (-73.6143802 45.4654484)
220784864,45.464358,-73.6156253,3,,,POINT (-73.6156253 45.464358)
220785100,45.4623341,-73.6254803,1,,,POINT (-73.6254803 45.4623341)
220785105,45.4621387,-73.6258508,1,,,POINT (-73.6258508 45.4621387)
224546999,45.4871628,-73.637613,3,423,,POINT (-73.637613 45.4871628)
224547073,45.4893329,-73.6423748,4,256,,POINT (-73.6423748 45.4893329)
224554453,45.4941151,-73.651862,3,,,POINT (-73.651862 45.4941151)
224590460,45.4715321,-73.6476268,3,,,POINT (-73.6476268 45.4715321)
224644961,45.4697458,-73.5890754,2,,,POINT (-73.5890754 45.4697458)
224826079,45.6438353,-73.5139521,4,,,POINT (-73.5139521 45.6438353)
224826112,45.6705956,-73.5046077,3,,,POINT (-73.5046077 45.6705956)
224826129,45.6656357,-73.5067097,3,,,POINT (-73.5067097 45.6656357)
224826155,45.6681191,-73.5063097,3,,,POINT (-73.5063097 45.6681191)
224826171,45.6888278,-73.498295,3,,,POINT (-73.498295 45.6888278)
224843590,45.6399858,-73.4902341,3,,,POINT (-73.4902341 45.6399858)
224843673,45.6953901,-73.4872394,3,,,POINT (-73.4872394 45.6953901)
224843688,45.6975437,-73.4848259,3,,,POINT (-73.4848259 45.6975437)
224843700,45.6983659,-73.4842578,3,,,POINT (-73.4842578 45.6983659)
224843772,45.6986958,-73.4844962,4,,,POINT (-73.4844962 45.6986958)
224843782,45.6985622,-73.4840939,3,,,POINT (-73.4840939 45.6985622)
224843813,45.6994088,-73.4837824,3,,,POINT (-73.4837824 45.6994088)
224843836,45.6993373,-73.4840611,3,,,POINT (-73.4840611 45.6993373)
224843845,45.7012533,-73.4834701,3,,,POINT (-73.4834701 45.7012533)
224843913,45.698559,-73.4852737,3,,,POINT (-73.4852737 45.698559)
224843931,45.6960372,-73.4939131,3,,,POINT (-73.4939131 45.6960372)
224867651,45.6596133,-73.5215585,3,,,POINT (-73.5215585 45.6596133)
224873133,45.652327,-73.5361619,4,,,POINT (-73.5361619 45.652327)
224873268,45.6514164,-73.5355405,3,,,POINT (-73.5355405 45.6514164)
224873287,45.6577648,-73.5401786,2,,,POINT (-73.5401786 45.6577648)
224873305,45.6685059,-73.5486153,4,,,POINT (-73.5486153 45.6685059)
224873308,45.6523755,-73.5363328,4,,,POINT (-73.5363328 45.6523755)
224873325,45.6499574,-73.5413441,3,,,POINT (-73.5413441 45.6499574)
224873350,45.6464945,-73.5484808,3,,,POINT (-73.5484808 45.6464945)
224873355,45.6498385,-73.5412204,3,,,POINT (-73.5412204 45.6498385)
224911407,45.6107492,-73.6079134,4,,,POINT (-73.6079134 45.6107492)
224911427,45.6067548,-73.6199327,4,,,POINT (-73.6199327 45.6067548)
224911432,45.6066994,-73.6201083,4,,,POINT (-73.6201083 45.6066994)
224911443,45.6168539,-73.5938325,4,,,POINT (-73.5938325 45.6168539)
224911452,45.6151892,-73.5962758,3,,,POINT (-73.5962758 45.6151892)
224911513,45.6106399,-73.6077873,3,,,POINT (-73.6077873 45.6106399)
224911529,45.6066576,-73.619838,4,,,POINT (-73.619838 45.6066576)
224911533,45.6066043,-73.6200023,4,,,POINT (-73.6200023 45.6066043)
224932993,45.6085927,-73.5632332,3,80-S,motorway_junction,POINT (-73.5632332 45.6085927)
224932998,45.6009997,-73.5696373,3,80-S,motorway_junction,POINT (-73.5696373 45.6009997)
224933053,45.6112792,-73.5606461,3,82,motorway_junction,POINT (-73.5606461 45.6112792)
224956851,45.5957084,-73.5457487,3,5,motorway_junction,POINT (-73.5457487 45.5957084)
224964995,45.5794917,-73.532054,4,,,POINT (-73.532054 45.5794917)
224965013,45.583353,-73.5298351,3,,,POINT (-73.5298351 45.583353)
224965069,45.5891883,-73.5263773,3,,,POINT (-73.5263773 45.5891883)
224991721,45.6195505,-73.6004772,3,,,POINT (-73.6004772 45.6195505)
224991787,45.6299862,-73.6113365,4,,,POINT (-73.6113365 45.6299862)
224991801,45.629872,-73.6112268,4,,,POINT (-73.6112268 45.629872)
224991878,45.6159161,-73.6297674,5,,,POINT (-73.6297674 45.6159161)
224994962,45.5992383,-73.6395826,3,,,POINT (-73.6395826 45.5992383)
224995017,45.6000725,-73.6389242,4,,,POINT (-73.6389242 45.6000725)
224995020,45.5997396,-73.6394607,3,,,POINT (-73.6394607 45.5997396)
225015246,45.5702592,-73.6583239,4,,,POINT (-73.6583239 45.5702592)
225015249,45.5701268,-73.6583977,4,,,POINT (-73.6583977 45.5701268)
225015273,45.5625809,-73.6623821,4,,,POINT (-73.6623821 45.5625809)
225020467,45.5629353,-73.6069083,4,,,POINT (-73.6069083 45.5629353)
225020487,45.5624195,-73.6074129,4,265,,POINT (-73.6074129 45.5624195)
225048124,45.5816758,-73.6255032,4,,,POINT (-73.6255032 45.5816758)
225048151,45.5959691,-73.6425555,4,,,POINT (-73.6425555 45.5959691)
225048154,45.5970188,-73.6436469,3,,,POINT (-73.6436469 45.5970188)
225048163,45.5815556,-73.6256133,3,,,POINT (-73.6256133 45.5815556)
225048275,45.5703455,-73.6585364,4,,,POINT (-73.6585364 45.5703455)
225048277,45.570218,-73.6586036,4,,,POINT (-73.6586036 45.570218)
225061889,45.586228,-73.5853646,3,,,POINT (-73.5853646 45.586228)
225064760,45.5657641,-73.6475441,4,,,POINT (-73.6475441 45.5657641)
225065508,45.5656339,-73.6476143,4,,,POINT (-73.6476143 45.5656339)
225961821,45.5464819,-73.6381736,4,,,POINT (-73.6381736 45.5464819)
225993491,45.5507593,-73.6296431,4,,,POINT (-73.6296431 45.5507593)
226055300,45.5498392,-73.6375633,3,,crossing,POINT (-73.6375633 45.5498392)
227761294,45.5035624,-73.6749823,3,,,POINT (-73.6749823 45.5035624)
227778642,45.5031888,-73.6709373,3,,,POINT (-73.6709373 45.5031888)
227848865,45.4930743,-73.6794068,3,,,POINT (-73.6794068 45.4930743)
227856404,45.4949026,-73.6831145,3,64,motorway_junction,POINT (-73.6831145 45.4949026)
228732446,45.4987944,-73.5703712,5,,,POINT (-73.5703712 45.4987944)
228732459,45.49872,-73.5702385,4,,,POINT (-73.5702385 45.49872)
228975332,45.4899846,-73.5782682,3,,,POINT (-73.5782682 45.4899846)
229207047,45.4964614,-73.5873109,3,,,POINT (-73.5873109 45.4964614)
243077466,45.4449614,-73.643657,3,,motorway_junction,POINT (-73.643657 45.4449614)
244201847,45.4900553,-73.7626675,3,,,POINT (-73.7626675 45.4900553)
244968732,45.4741026,-73.7067545,3,,,POINT (-73.7067545 45.4741026)
245091996,45.4883566,-73.7632402,3,,,POINT (-73.7632402 45.4883566)
245092029,45.4896471,-73.7605483,3,,,POINT (-73.7605483 45.4896471)
245471080,45.490898,-73.7119865,3,,,POINT (-73.7119865 45.490898)
245471088,45.490809,-73.7124074,3,,,POINT (-73.7124074 45.490809)
245474329,45.472815,-73.7085141,3,,,POINT (-73.7085141 45.472815)
245474340,45.4698056,-73.7021245,3,,,POINT (-73.7021245 45.4698056)
245474355,45.4740465,-73.7074341,3,,,POINT (-73.7074341 45.4740465)
245474360,45.476541,-73.7096006,3,,,POINT (-73.7096006 45.476541)
245476581,45.4806829,-73.6980028,3,,,POINT (-73.6980028 45.4806829)
245485058,45.4895455,-73.6857835,3,,,POINT (-73.6857835 45.4895455)
245485094,45.4948603,-73.6962503,3,,,POINT (-73.6962503 45.4948603)
245485107,45.4910677,-73.7008328,3,,,POINT (-73.7008328 45.4910677)
245485117,45.490723,-73.6929271,3,,,POINT (-73.6929271 45.490723)
245485132,45.4928418,-73.6952355,3,,,POINT (-73.6952355 45.4928418)
245488200,45.4847729,-73.6927532,3,6,motorway_junction,POINT (-73.6927532 45.4847729)
245488202,45.4853572,-73.6921398,3,5,motorway_junction,POINT (-73.6921398 45.4853572)
245488204,45.4821538,-73.6960297,3,,,POINT (-73.6960297 45.4821538)
245488205,45.4831228,-73.6949684,3,,,POINT (-73.6949684 45.4831228)
245488208,45.4794769,-73.6998719,3,5,motorway_junction,POINT (-73.6998719 45.4794769)
245488210,45.4800549,-73.6995293,3,,,POINT (-73.6995293 45.4800549)
245488212,45.4749116,-73.7060899,3,,,POINT (-73.7060899 45.4749116)
245488213,45.4750994,-73.7056603,3,,,POINT (-73.7056603 45.4750994)
245488217,45.4706555,-73.7113188,3,,,POINT (-73.7113188 45.4706555)
245489123,45.4659691,-73.7179931,3,,,POINT (-73.7179931 45.4659691)
245489126,45.4622082,-73.7231396,3,,,POINT (-73.7231396 45.4622082)
245569270,45.4993128,-73.7013469,4,,,POINT (-73.7013469 45.4993128)
245569271,45.4994383,-73.7014841,4,,,POINT (-73.7014841 45.4994383)
245569282,45.4989769,-73.7017634,4,,,POINT (-73.7017634 45.4989769)
245569283,45.4990765,-73.70193,4,,,POINT (-73.70193 45.4990765)
245569289,45.5009902,-73.7039487,3,,,POINT (-73.7039487 45.5009902)
245569290,45.5006242,-73.7044068,3,,,POINT (-73.7044068 45.5006242)
245569291,45.5030816,-73.707287,3,,,POINT (-73.707287 45.5030816)
245569292,45.5027177,-73.7077526,3,,,POINT (-73.7077526 45.5027177)
245569293,45.5045243,-73.7099196,3,,,POINT (-73.7099196 45.5045243)
245569294,45.5042927,-73.7102075,3,,,POINT (-73.7102075 45.5042927)
245571046,45.5221661,-73.7074312,4,,,POINT (-73.7074312 45.5221661)
246086796,45.533778,-73.6468966,3,,motorway_junction,POINT (-73.6468966 45.533778)
246086835,45.5291296,-73.6503637,3,,motorway_junction,POINT (-73.6503637 45.5291296)
246086844,45.5249133,-73.6526402,3,,,POINT (-73.6526402 45.5249133)
246086872,45.5308564,-73.6490806,3,,,POINT (-73.6490806 45.5308564)
246086878,45.52921,-73.6504632,3,,motorway_junction,POINT (-73.6504632 45.52921)
246086891,45.5319806,-73.6482031,3,,motorway_junction,POINT (-73.6482031 45.5319806)
246093629,45.5428323,-73.6454761,3,,,POINT (-73.6454761 45.5428323)
246093670,45.538374,-73.6439864,3,,,POINT (-73.6439864 45.538374)
246102320,45.5431774,-73.7025152,3,,,POINT (-73.7025152 45.5431774)
246102347,45.5371761,-73.7006113,3,,,POINT (-73.7006113 45.5371761)
246102355,45.5348285,-73.7038618,3,,,POINT (-73.7038618 45.5348285)
246102361,45.5339204,-73.698105,3,4,motorway_junction,POINT (-73.698105 45.5339204)
246102362,45.536129,-73.7008648,3,,motorway_junction,POINT (-73.7008648 45.536129)
246102370,45.5368811,-73.7028589,3,,,POINT (-73.7028589 45.5368811)
246279619,45.5271717,-73.696608,2,,,POINT (-73.696608 45.5271717)
246282092,45.526496,-73.7143363,4,,,POINT (-73.7143363 45.526496)
246282353,45.5287455,-73.6822464,1,,,POINT (-73.6822464 45.5287455)
246282744,45.5355779,-73.6657166,4,,,POINT (-73.6657166 45.5355779)
246282782,45.5314453,-73.666508,3,,,POINT (-73.666508 45.5314453)
246283580,45.5162088,-73.6799229,4,,,POINT (-73.6799229 45.5162088)
246283590,45.5099857,-73.6880037,4,,,POINT (-73.6880037 45.5099857)
246283771,45.5037373,-73.6696828,3,,,POINT (-73.6696828 45.5037373)
246283772,45.5033247,-73.670719,3,,,POINT (-73.670719 45.5033247)
246425479,45.5259416,-73.7148934,3,,,POINT (-73.7148934 45.5259416)
246451744,45.5768637,-73.6384721,3,,,POINT (-73.6384721 45.5768637)
246451758,45.5767721,-73.6385518,4,,,POINT (-73.6385518 45.5767721)
246461041,45.5551766,-73.6221412,3,,,POINT (-73.6221412 45.5551766)
246461047,45.5555083,-73.6168122,3,,crossing,POINT (-73.6168122 45.5555083)
246461050,45.5564858,-73.6162763,4,,,POINT (-73.6162763 45.5564858)
246461058,45.5585615,-73.6125888,4,,,POINT (-73.6125888 45.5585615)
246461170,45.5698784,-73.600483,4,,,POINT (-73.600483 45.5698784)
246461238,45.5553146,-73.6192045,3,,,POINT (-73.6192045 45.5553146)
246461239,45.5556795,-73.6195023,3,,,POINT (-73.6195023 45.5556795)
246461240,45.5556008,-73.6196859,3,,,POINT (-73.6196859 45.5556008)
246461241,45.5552309,-73.6194071,3,,,POINT (-73.6194071 45.5552309)
246461250,45.5712167,-73.6021048,3,,,POINT (-73.6021048 45.5712167)
246650065,45.5742094,-73.5623306,1,,,POINT (-73.5623306 45.5742094)
246650096,45.5843194,-73.52205,1,,,POINT (-73.52205 45.5843194)
246650167,45.5831904,-73.5807069,4,,,POINT (-73.5807069 45.5831904)
246650180,45.582197,-73.5882977,4,,,POINT (-73.5882977 45.582197)
246650181,45.5826204,-73.5895207,4,,,POINT (-73.5895207 45.5826204)
246650208,45.5991829,-73.6118929,4,,,POINT (-73.6118929 45.5991829)
246650242,45.5990814,-73.6119991,4,,,POINT (-73.6119991 45.5990814)
246650253,45.5830672,-73.580672,4,,,POINT (-73.580672 45.5830672)
246650269,45.5816703,-73.5864477,3,,,POINT (-73.5864477 45.5816703)
246650277,45.5825302,-73.5896025,4,,,POINT (-73.5896025 45.5825302)
246650286,45.5821097,-73.5883761,4,,,POINT (-73.5883761 45.5821097)
246653273,45.5865413,-73.5545358,3,,,POINT (-73.5545358 45.5865413)
246653275,45.5828082,-73.543205,4,,,POINT (-73.543205 45.5828082)
246653287,45.5920621,-73.5749619,4,,,POINT (-73.5749619 45.5920621)
246653288,45.5932233,-73.5775883,4,,,POINT (-73.5775883 45.5932233)
246653289,45.5937855,-73.5788772,4,,,POINT (-73.5788772 45.5937855)
246653306,45.6058645,-73.6045065,3,,,POINT (-73.6045065 45.6058645)
246653307,45.6060263,-73.6047726,3,,,POINT (-73.6047726 45.6060263)
246653333,45.5909126,-73.5760794,3,,,POINT (-73.5760794 45.5909126)
246653336,45.597089,-73.5706351,3,,,POINT (-73.5706351 45.597089)
246653554,45.5907551,-73.5256152,4,,,POINT (-73.5256152 45.5907551)
246655685,45.5827727,-73.543052,4,,,POINT (-73.543052 45.5827727)
246656320,45.5877548,-73.5210515,2,,,POINT (-73.5210515 45.5877548)
246657160,45.5864888,-73.5547201,4,,,POINT (-73.5547201 45.5864888)
246657161,45.5864484,-73.5545987,4,,,POINT (-73.5545987 45.5864484)
246658052,45.6002185,-73.5700577,3,,,POINT (-73.5700577 45.6002185)
246658078,45.5811736,-73.5893306,3,,,POINT (-73.5893306 45.5811736)
246658103,45.5780638,-73.5924228,3,,,POINT (-73.5924228 45.5780638)
246658131,45.5774921,-73.5928155,3,,,POINT (-73.5928155 45.5774921)
246658359,45.5903169,-73.6179757,4,,,POINT (-73.6179757 45.5903169)
246658366,45.608737,-73.6008089,1,,,POINT (-73.6008089 45.608737)
246660877,45.5745834,-73.5963444,3,,,POINT (-73.5963444 45.5745834)
246660898,45.5988975,-73.5719134,3,,,POINT (-73.5719134 45.5988975)
246665005,45.5713441,-73.6019228,3,,,POINT (-73.6019228 45.5713441)
246665022,45.5778254,-73.5936011,3,,,POINT (-73.5936011 45.5778254)
246665071,45.5832203,-73.5910168,3,,,POINT (-73.5910168 45.5832203)
246665091,45.5850606,-73.5868767,3,,,POINT (-73.5868767 45.5850606)
248408559,45.4865319,-73.5487472,3,,,POINT (-73.5487472 45.4865319)
248411646,45.4871491,-73.5449228,4,,,POINT (-73.5449228 45.4871491)
248412292,45.4870958,-73.5453207,3,,,POINT (-73.5453207 45.4870958)
248415079,45.4881063,-73.5404113,1,,,POINT (-73.5404113 45.4881063)
248494994,45.4705559,-73.5451653,1,,,POINT (-73.5451653 45.4705559)
248495319,45.4692876,-73.5444489,3,,,POINT (-73.5444489 45.4692876)
248511987,45.4353308,-73.6544936,3,,,POINT (-73.6544936 45.4353308)
248511997,45.4404469,-73.6458665,4,,,POINT (-73.6458665 45.4404469)
248511998,45.440542,-73.6456362,4,,,POINT (-73.6456362 45.440542)
248512003,45.4450807,-73.6339195,3,,,POINT (-73.6339195 45.4450807)
248512070,45.433062,-73.6461389,3,,,POINT (-73.6461389 45.433062)
248512109,45.4376363,-73.6424481,3,,,POINT (-73.6424481 45.4376363)
248512280,45.4409463,-73.6513298,3,254,,POINT (-73.6513298 45.4409463)
248513118,45.421898,-73.6211019,4,,,POINT (-73.6211019 45.421898)
248513125,45.4306453,-73.6348092,4,,,POINT (-73.6348092 45.4306453)
248513137,45.4423191,-73.6469645,4,,,POINT (-73.6469645 45.4423191)
248513139,45.4432115,-73.6474781,4,,,POINT (-73.6474781 45.4432115)
248513218,45.4221964,-73.6195613,3,,,POINT (-73.6195613 45.4221964)
256106263,45.4729813,-73.6111206,3,,,POINT (-73.6111206 45.4729813)
262193171,45.4755091,-73.573173,3,,,POINT (-73.573173 45.4755091)
262200758,45.4739374,-73.5423433,3,5,motorway_junction,POINT (-73.5423433 45.4739374)
262255004,45.4876062,-73.6378522,3,,,POINT (-73.6378522 45.4876062)
262723698,45.5695204,-73.5979006,3,,,POINT (-73.5979006 45.5695204)
266788047,45.5477632,-73.5333562,4,,,POINT (-73.5333562 45.5477632)
267969149,45.4694832,-73.5625982,3,,,POINT (-73.5625982 45.4694832)
272907081,45.4482083,-73.6784026,1,,,POINT (-73.6784026 45.4482083)
272908020,45.4478507,-73.6784168,3,,,POINT (-73.6784168 45.4478507)
273424047,45.4387011,-73.6634306,3,,,POINT (-73.6634306 45.4387011)
274284077,45.4374571,-73.6928111,3,,,POINT (-73.6928111 45.4374571)
274301357,45.4393822,-73.6983736,3,,,POINT (-73.6983736 45.4393822)
274301543,45.4396456,-73.6990773,3,,,POINT (-73.6990773 45.4396456)
274301546,45.4416625,-73.7075773,2,,,POINT (-73.7075773 45.4416625)
276279151,45.5846976,-73.5230712,3,,,POINT (-73.5230712 45.5846976)
276284382,45.571764,-73.5321369,3,,,POINT (-73.5321369 45.571764)
276284397,45.5685476,-73.5350075,3,,,POINT (-73.5350075 45.5685476)
276284399,45.5816491,-73.5272946,3,15-S,motorway_junction,POINT (-73.5272946 45.5816491)
276370494,45.4554496,-73.6318088,4,,,POINT (-73.6318088 45.4554496)
277670318,45.4271207,-73.6444342,3,,,POINT (-73.6444342 45.4271207)
281754777,45.5631018,-73.6066869,3,,,POINT (-73.6066869 45.5631018)
281962290,45.4703999,-73.6048777,3,,,POINT (-73.6048777 45.4703999)
281968065,45.4727,-73.610536,1,,,POINT (-73.610536 45.4727)
281968560,45.474305,-73.6136555,3,,motorway_junction,POINT (-73.6136555 45.474305)
282143613,45.5053005,-73.6422647,3,,,POINT (-73.6422647 45.5053005)
282266736,45.5215447,-73.5495605,3,,,POINT (-73.5495605 45.5215447)
282597826,45.6706026,-73.5505305,1,,,POINT (-73.5505305 45.6706026)
286270645,45.4431637,-73.6475777,4,,,POINT (-73.6475777 45.4431637)
286270647,45.4422684,-73.6470752,4,,,POINT (-73.6470752 45.4422684)
286270655,45.4375804,-73.642563,4,,,POINT (-73.642563 45.4375804)
286271657,45.4362036,-73.6409869,3,,,POINT (-73.6409869 45.4362036)
286443556,45.4276429,-73.642995,3,,,POINT (-73.642995 45.4276429)
286445952,45.4276825,-73.6435038,1,,,POINT (-73.6435038 45.4276825)
286752989,45.625739,-73.62405,1,,,POINT (-73.62405 45.625739)
286752991,45.6258234,-73.6239237,1,,,POINT (-73.6239237 45.6258234)
287945540,45.5202764,-73.5339783,1,,,POINT (-73.5339783 45.5202764)
287945606,45.519403,-73.5347551,4,,,POINT (-73.5347551 45.519403)
287945620,45.5190479,-73.5348946,1,,,POINT (-73.5348946 45.5190479)
287945633,45.5191677,-73.5344097,1,,,POINT (-73.5344097 45.5191677)
289287004,45.5682713,-73.5342647,4,,,POINT (-73.5342647 45.5682713)
290735866,45.4240647,-73.6457691,4,,,POINT (-73.6457691 45.4240647)
293304287,45.6438075,-73.513748,4,,,POINT (-73.513748 45.6438075)
298549924,45.5137468,-73.7202399,4,,crossing,POINT (-73.7202399 45.5137468)
301281550,45.5941272,-73.5365429,4,,,POINT (-73.5365429 45.5941272)
301281775,45.5923155,-73.537443,3,,,POINT (-73.537443 45.5923155)
301281873,45.5916803,-73.5378019,3,,,POINT (-73.5378019 45.5916803)
301302043,45.560485,-73.5726222,3,,,POINT (-73.5726222 45.560485)
301302045,45.5609464,-73.573588,3,,,POINT (-73.573588 45.5609464)
303687907,45.5785321,-73.559955,4,,,POINT (-73.559955 45.5785321)
303687913,45.5785736,-73.5600792,4,,,POINT (-73.5600792 45.5785736)
303687914,45.578684,-73.5600086,4,,,POINT (-73.5600086 45.578684)
303687917,45.578644,-73.5598852,4,,,POINT (-73.5598852 45.578644)
303688021,45.5745969,-73.584684,3,,,POINT (-73.584684 45.5745969)
320598610,45.5925485,-73.5221675,2,,,POINT (-73.5221675 45.5925485)
320621114,45.6400178,-73.5150595,3,,,POINT (-73.5150595 45.6400178)
332513346,45.5958417,-73.6424074,4,,,POINT (-73.6424074 45.5958417)
332513378,45.5957225,-73.6425221,4,,,POINT (-73.6425221 45.5957225)
344875502,45.5915363,-73.5252947,3,,,POINT (-73.5252947 45.5915363)
344877801,45.5986452,-73.5215245,3,,,POINT (-73.5215245 45.5986452)
344878150,45.6048775,-73.569108,3,,,POINT (-73.569108 45.6048775)
344878492,45.6139551,-73.5590515,1,,,POINT (-73.5590515 45.6139551)
344878552,45.621839,-73.5518905,3,,,POINT (-73.5518905 45.621839)
344878559,45.6231958,-73.5504387,3,82,motorway_junction,POINT (-73.5504387 45.6231958)
344878921,45.6226987,-73.5504073,3,,,POINT (-73.5504073 45.6226987)
355412789,45.5120839,-73.5793076,4,,,POINT (-73.5793076 45.5120839)
356868072,45.4449433,-73.5930474,3,,,POINT (-73.5930474 45.4449433)
369547022,45.6647226,-73.5186861,3,,,POINT (-73.5186861 45.6647226)
369547030,45.6564244,-73.5213471,3,,,POINT (-73.5213471 45.6564244)
369548024,45.6684988,-73.519105,3,89,motorway_junction,POINT (-73.519105 45.6684988)
369550841,45.6626247,-73.5155856,3,,,POINT (-73.5155856 45.6626247)
369550962,45.6640461,-73.5176664,3,,,POINT (-73.5176664 45.6640461)
369551878,45.662871,-73.5135111,3,,,POINT (-73.5135111 45.662871)
369552373,45.6475881,-73.5290668,3,,,POINT (-73.5290668 45.6475881)
369553463,45.647957,-73.5265096,3,,,POINT (-73.5265096 45.647957)
369554210,45.6474202,-73.5285383,3,,,POINT (-73.5285383 45.6474202)
369557152,45.6398943,-73.4902566,3,,,POINT (-73.4902566 45.6398943)
369558048,45.643749,-73.5139794,4,,,POINT (-73.5139794 45.643749)
369558134,45.6437186,-73.5137815,4,,,POINT (-73.5137815 45.6437186)
369560243,45.6560135,-73.521394,3,85,motorway_junction,POINT (-73.521394 45.6560135)
369560481,45.6491467,-73.5292319,3,,,POINT (-73.5292319 45.6491467)
369564363,45.6490908,-73.5302797,3,,,POINT (-73.5302797 45.6490908)
369565561,45.6482464,-73.5284847,3,,,POINT (-73.5284847 45.6482464)
391422516,45.5503833,-73.6710063,4,,,POINT (-73.6710063 45.5503833)
391422517,45.5503122,-73.6708281,4,,,POINT (-73.6708281 45.5503122)
393141752,45.5081897,-73.5563147,3,,,POINT (-73.5563147 45.5081897)
393142912,45.5077319,-73.5581987,3,,,POINT (-73.5581987 45.5077319)
393142927,45.5092459,-73.5574362,3,,,POINT (-73.5574362 45.5092459)
393143024,45.5068343,-73.5584525,3,6,motorway_junction,POINT (-73.5584525 45.5068343)
401364813,45.5293875,-73.6820096,3,,motorway_junction,POINT (-73.6820096 45.5293875)
412472096,45.4944443,-73.5704518,1,,,POINT (-73.5704518 45.4944443)
424004585,45.5287769,-73.6823602,1,,,POINT (-73.6823602 45.5287769)
424364123,45.5341093,-73.6749643,3,,,POINT (-73.6749643 45.5341093)
426385576,45.4986378,-73.5703158,4,,,POINT (-73.5703158 45.4986378)
427615136,45.5002822,-73.5645302,3,,,POINT (-73.5645302 45.5002822)
431246535,45.5593185,-73.6512248,4,690,,POINT (-73.6512248 45.5593185)
435938080,45.5865535,-73.5129881,3,3,motorway_junction,POINT (-73.5129881 45.5865535)
437688914,45.5574888,-73.6159861,3,,,POINT (-73.6159861 45.5574888)
437697295,45.5536201,-73.6020256,4,,,POINT (-73.6020256 45.5536201)
437724489,45.5327175,-73.6470912,3,,,POINT (-73.6470912 45.5327175)
437733314,45.5180138,-73.5952668,3,,stop,POINT (-73.5952668 45.5180138)
437745612,45.5569323,-73.6157399,3,74,motorway_junction,POINT (-73.6157399 45.5569323)
437745618,45.559247,-73.6103913,3,75,motorway_junction,POINT (-73.6103913 45.559247)
437748984,45.5303429,-73.6469207,3,,,POINT (-73.6469207 45.5303429)
437749044,45.541138,-73.6416315,4,,,POINT (-73.6416315 45.541138)
437749062,45.5446172,-73.6391353,3,,,POINT (-73.6391353 45.5446172)
437749064,45.5452479,-73.6385851,4,,,POINT (-73.6385851 45.5452479)
437749129,45.5513106,-73.6273427,3,,,POINT (-73.6273427 45.5513106)
437751563,45.5507126,-73.6297764,4,,,POINT (-73.6297764 45.5507126)
437756609,45.5454289,-73.6390827,4,,,POINT (-73.6390827 45.5454289)
437759405,45.5355335,-73.6203154,3,,,POINT (-73.6203154 45.5355335)
437760285,45.5658747,-73.6038346,3,75,motorway_junction,POINT (-73.6038346 45.5658747)
437760304,45.5592027,-73.610727,3,,,POINT (-73.610727 45.5592027)
437760361,45.5395109,-73.6430556,3,71,motorway_junction,POINT (-73.6430556 45.5395109)
437823106,45.5749698,-73.5844703,4,,,POINT (-73.5844703 45.5749698)
437832542,45.5666368,-73.5912721,3,,,POINT (-73.5912721 45.5666368)
437849119,45.5347416,-73.618239,4,,,POINT (-73.618239 45.5347416)
437849131,45.5318773,-73.6208713,3,,,POINT (-73.6208713 45.5318773)
437850054,45.5319856,-73.6353215,2,505,,POINT (-73.6353215 45.5319856)
437851456,45.5247552,-73.6255664,3,,,POINT (-73.6255664 45.5247552)
437854295,45.5277054,-73.6378474,4,,,POINT (-73.6378474 45.5277054)
437867337,45.5463264,-73.6376567,4,353,,POINT (-73.6376567 45.5463264)
437867648,45.5484567,-73.6327943,1,,,POINT (-73.6327943 45.5484567)
437867650,45.5490216,-73.6347392,3,,,POINT (-73.6347392 45.5490216)
438111545,45.5293555,-73.6183633,2,,,POINT (-73.6183633 45.5293555)
438303032,45.5305429,-73.5694917,4,,,POINT (-73.5694917 45.5305429)
438303087,45.5329168,-73.5745724,4,,,POINT (-73.5745724 45.5329168)
438303107,45.5351833,-73.5794567,4,,,POINT (-73.5794567 45.5351833)
438303111,45.5352386,-73.5795789,4,,,POINT (-73.5795789 45.5352386)
438303137,45.5378814,-73.5852879,2,,,POINT (-73.5852879 45.5378814)
438303171,45.5406922,-73.5913193,4,,,POINT (-73.5913193 45.5406922)
438303209,45.5479415,-73.6070551,4,315,,POINT (-73.6070551 45.5479415)
438304247,45.5562291,-73.618316,3,,,POINT (-73.618316 45.5562291)
438304250,45.5558561,-73.6178889,4,,,POINT (-73.6178889 45.5558561)
438304293,45.550264,-73.6049869,4,,,POINT (-73.6049869 45.550264)
438304307,45.5430344,-73.5892647,4,,,POINT (-73.5892647 45.5430344)
438304327,45.5395124,-73.581749,2,,,POINT (-73.581749 45.5395124)
438304334,45.5375101,-73.5774403,4,,,POINT (-73.5774403 45.5375101)
438304337,45.5374475,-73.5773115,4,,,POINT (-73.5773115 45.5374475)
438304343,45.5351679,-73.5724466,4,,,POINT (-73.5724466 45.5351679)
438304349,45.5328064,-73.5673418,4,,,POINT (-73.5673418 45.5328064)
441047551,45.5961163,-73.6429928,3,,,POINT (-73.6429928 45.5961163)
441201693,45.5455272,-73.6389938,4,,,POINT (-73.6389938 45.5455272)
458696417,45.4976537,-73.5639613,4,,,POINT (-73.5639613 45.4976537)
473370011,45.5079541,-73.6631519,4,,,POINT (-73.6631519 45.5079541)
475960286,45.6321076,-73.614204,3,,,POINT (-73.614204 45.6321076)
481363045,45.4648381,-73.5874456,2,,,POINT (-73.5874456 45.4648381)
486090579,45.5137844,-73.7202005,4,,,POINT (-73.7202005 45.5137844)
486090591,45.5138331,-73.7203708,4,,,POINT (-73.7203708 45.5138331)
534470713,45.6235623,-73.6215125,4,,,POINT (-73.6215125 45.6235623)
534470715,45.6236586,-73.6216102,4,,,POINT (-73.6216102 45.6236586)
534470722,45.6235832,-73.6217471,4,,,POINT (-73.6217471 45.6235832)
534470723,45.6234915,-73.6216464,4,,,POINT (-73.6216464 45.6234915)
534470727,45.6107032,-73.6080649,4,,,POINT (-73.6080649 45.6107032)
534470728,45.6105929,-73.6079405,3,,,POINT (-73.6079405 45.6105929)
534470734,45.6190722,-73.633103,1,,,POINT (-73.633103 45.6190722)
534470750,45.6157647,-73.6296732,4,,,POINT (-73.6296732 45.6157647)
558662424,45.4232081,-73.6220505,5,,,POINT (-73.6220505 45.4232081)
581020611,45.510604,-73.6887857,3,,,POINT (-73.6887857 45.510604)
581020620,45.5101293,-73.6880231,4,,,POINT (-73.6880231 45.5101293)
581020631,45.5102898,-73.687818,3,,,POINT (-73.687818 45.5102898)
585147677,45.5734009,-73.548943,4,,,POINT (-73.548943 45.5734009)
595748276,45.6449151,-73.5203645,3,,,POINT (-73.5203645 45.6449151)
595748282,45.6446248,-73.5188066,3,,,POINT (-73.5188066 45.6446248)
595748567,45.6662095,-73.5189662,3,,,POINT (-73.5189662 45.6662095)
595748576,45.6615815,-73.5076537,3,,,POINT (-73.5076537 45.6615815)
595748577,45.6616015,-73.5078072,3,,,POINT (-73.5078072 45.6616015)
596642917,45.6129616,-73.5990909,1,,,POINT (-73.5990909 45.6129616)
596643026,45.6105695,-73.5787894,3,,,POINT (-73.5787894 45.6105695)
596643221,45.5673248,-73.5315659,3,,,POINT (-73.5315659 45.5673248)
596643284,45.5673295,-73.5305015,4,,,POINT (-73.5305015 45.5673295)
596643295,45.612183,-73.5601008,3,,,POINT (-73.5601008 45.612183)
596687378,45.6002227,-73.5691286,3,,,POINT (-73.5691286 45.6002227)
596687383,45.6003997,-73.5690428,3,,,POINT (-73.5690428 45.6003997)
596687942,45.5994826,-73.5534912,3,,motorway_junction,POINT (-73.5534912 45.5994826)
596688742,45.61373,-73.5582807,3,,,POINT (-73.5582807 45.61373)
596968525,45.5475855,-73.5328234,1,,,POINT (-73.5328234 45.5475855)
596968558,45.5525701,-73.5481574,4,,,POINT (-73.5481574 45.5525701)
596968562,45.5525928,-73.5482223,4,,,POINT (-73.5482223 45.5525928)
596968565,45.552499,-73.5482361,4,,,POINT (-73.5482361 45.552499)
596968604,45.5502492,-73.5412585,4,,,POINT (-73.5412585 45.5502492)
596968635,45.5628919,-73.5416126,3,,,POINT (-73.5416126 45.5628919)
596988539,45.5157881,-73.5902655,4,,,POINT (-73.5902655 45.5157881)
605206809,45.4878983,-73.7658027,3,,,POINT (-73.7658027 45.4878983)
605206810,45.4878049,-73.7657501,2,,,POINT (-73.7657501 45.4878049)
605206940,45.4899085,-73.7572204,3,,,POINT (-73.7572204 45.4899085)
605206978,45.491832,-73.7592223,3,,,POINT (-73.7592223 45.491832)
605795761,45.5087986,-73.7620469,3,8,motorway_junction,POINT (-73.7620469 45.5087986)
606288096,45.4894401,-73.7240129,3,62,motorway_junction,POINT (-73.7240129 45.4894401)
606288097,45.4888633,-73.7178845,3,,,POINT (-73.7178845 45.4888633)
606288203,45.4894884,-73.7180434,4,,,POINT (-73.7180434 45.4894884)
606288410,45.4880368,-73.683326,3,,,POINT (-73.683326 45.4880368)
607279606,45.4931233,-73.7414377,3,,motorway_junction,POINT (-73.7414377 45.4931233)
608869306,45.4626161,-73.6266143,3,,,POINT (-73.6266143 45.4626161)
608869321,45.4614336,-73.6241405,3,,,POINT (-73.6241405 45.4614336)
609404690,45.4416837,-73.6513929,4,,,POINT (-73.6513929 45.4416837)
609404785,45.4416124,-73.619422,1,,,POINT (-73.619422 45.4416124)
609404795,45.4412135,-73.6184773,1,,,POINT (-73.6184773 45.4412135)
609404803,45.4412311,-73.6193791,3,,,POINT (-73.6193791 45.4412311)
609404806,45.4415553,-73.6184953,3,,,POINT (-73.6184953 45.4415553)
611533052,45.4809371,-73.6226171,4,,,POINT (-73.6226171 45.4809371)
611541485,45.4463921,-73.6302416,1,,,POINT (-73.6302416 45.4463921)
611541486,45.4467288,-73.6302561,3,,,POINT (-73.6302561 45.4467288)
611541591,45.451543,-73.6243687,3,621,,POINT (-73.6243687 45.451543)
612002089,45.4421173,-73.6555758,3,,,POINT (-73.6555758 45.4421173)
612002133,45.4255959,-73.649528,3,,,POINT (-73.649528 45.4255959)
612002219,45.431955,-73.6363524,3,,,POINT (-73.6363524 45.431955)
612002235,45.4305097,-73.6347963,4,,,POINT (-73.6347963 45.4305097)
612002236,45.4303728,-73.6351784,3,,,POINT (-73.6351784 45.4303728)
612002244,45.4306005,-73.634938,4,,,POINT (-73.634938 45.4306005)
612002245,45.4305571,-73.6346597,4,,,POINT (-73.6346597 45.4305571)
612002255,45.4309365,-73.6351461,3,,,POINT (-73.6351461 45.4309365)
612002262,45.4303618,-73.6345195,3,,,POINT (-73.6345195 45.4303618)
612002269,45.4301637,-73.63388,3,,,POINT (-73.63388 45.4301637)
612002274,45.4307867,-73.6344157,3,,,POINT (-73.6344157 45.4307867)
612002276,45.4309172,-73.6336616,3,,,POINT (-73.6336616 45.4309172)
612002293,45.4341534,-73.6387425,3,,,POINT (-73.6387425 45.4341534)
612002299,45.4342458,-73.6381069,1,,,POINT (-73.6381069 45.4342458)
612002367,45.4426663,-73.647074,4,,,POINT (-73.647074 45.4426663)
612002375,45.4436477,-73.6481405,4,,,POINT (-73.6481405 45.4436477)
612002376,45.4403381,-73.6461413,3,,,POINT (-73.6461413 45.4403381)
612002381,45.4395458,-73.6451247,3,,,POINT (-73.6451247 45.4395458)
612002382,45.439528,-73.6446633,3,,,POINT (-73.6446633 45.439528)
612002386,45.4406616,-73.6453521,4,,,POINT (-73.6453521 45.4406616)
612002414,45.4503414,-73.6233224,3,,,POINT (-73.6233224 45.4503414)
612118955,45.4808898,-73.6225117,4,,,POINT (-73.6225117 45.4808898)
612118968,45.480562,-73.6227984,4,,,POINT (-73.6227984 45.480562)
612683940,45.4426142,-73.6471837,4,,,POINT (-73.6471837 45.4426142)
612761406,45.4237072,-73.6224361,3,,,POINT (-73.6224361 45.4237072)
612762778,45.4231482,-73.6227533,3,,,POINT (-73.6227533 45.4231482)
612762780,45.423319,-73.6221875,4,,,POINT (-73.6221875 45.423319)
614001095,45.4784974,-73.6201678,2,,,POINT (-73.6201678 45.4784974)
614983229,45.4443124,-73.6139088,3,,,POINT (-73.6139088 45.4443124)
614983230,45.4439984,-73.6146029,3,,,POINT (-73.6146029 45.4439984)
614983236,45.4443483,-73.6146523,1,,,POINT (-73.6146523 45.4443483)
614983249,45.4439703,-73.6138583,1,,,POINT (-73.6138583 45.4439703)
614991297,45.4477679,-73.6095307,3,,,POINT (-73.6095307 45.4477679)
614991298,45.4478347,-73.6096768,3,,,POINT (-73.6096768 45.4478347)
615001759,45.4476563,-73.6096648,4,,,POINT (-73.6096648 45.4476563)
615001764,45.4477284,-73.6098287,4,,,POINT (-73.6098287 45.4477284)
615001838,45.4452337,-73.592762,4,,,POINT (-73.592762 45.4452337)
615001851,45.4453484,-73.5926531,4,,,POINT (-73.5926531 45.4453484)
615001852,45.4453143,-73.5932735,3,,,POINT (-73.5932735 45.4453143)
615028247,45.4452076,-73.5925986,3,,,POINT (-73.5925986 45.4452076)
615028248,45.4452939,-73.5925171,3,,,POINT (-73.5925171 45.4452939)
615028326,45.4625113,-73.5809832,4,,,POINT (-73.5809832 45.4625113)
615028328,45.4633997,-73.580999,4,,,POINT (-73.580999 45.4633997)
615030570,45.4626034,-73.5625413,2,,,POINT (-73.5625413 45.4626034)
615035085,45.4634094,-73.5811643,4,,,POINT (-73.5811643 45.4634094)
615035107,45.462707,-73.5793293,2,,,POINT (-73.5793293 45.462707)
615035109,45.4632979,-73.5789244,3,477,,POINT (-73.5789244 45.4632979)
615101597,45.4682401,-73.5660489,3,,crossing,POINT (-73.5660489 45.4682401)
615101663,45.4695107,-73.5627101,3,,,POINT (-73.5627101 45.4695107)
617933841,45.4869977,-73.545883,3,,,POINT (-73.545883 45.4869977)
617933852,45.4887416,-73.5428962,3,3,motorway_junction,POINT (-73.5428962 45.4887416)
617933863,45.4890542,-73.5470146,1,,,POINT (-73.5470146 45.4890542)
617933867,45.4893998,-73.5471155,3,,,POINT (-73.5471155 45.4893998)
617933878,45.4894223,-73.5458389,3,,,POINT (-73.5458389 45.4894223)
618066330,45.4949694,-73.5923674,3,,,POINT (-73.5923674 45.4949694)
618066332,45.4951198,-73.5930254,3,,,POINT (-73.5930254 45.4951198)
618066334,45.4950835,-73.5895746,3,,,POINT (-73.5895746 45.4950835)
618066340,45.4960833,-73.5870592,4,,,POINT (-73.5870592 45.4960833)
618066347,45.4962552,-73.5861255,3,,,POINT (-73.5861255 45.4962552)
618066365,45.4963284,-73.563018,3,,,POINT (-73.563018 45.4963284)
618527748,45.5530766,-73.5546203,3,,,POINT (-73.5546203 45.5530766)
619290065,45.5203741,-73.5477043,4,,,POINT (-73.5477043 45.5203741)
619290067,45.5201469,-73.5471677,3,,,POINT (-73.5471677 45.5201469)
619290081,45.5202518,-73.5471162,3,,,POINT (-73.5471162 45.5202518)
619290084,45.5204896,-73.5476333,4,,,POINT (-73.5476333 45.5204896)
620359486,45.6036157,-73.5185596,3,,,POINT (-73.5185596 45.6036157)
622793732,45.6132749,-73.5574937,3,,,POINT (-73.5574937 45.6132749)
623609155,45.6989725,-73.5084983,1,,,POINT (-73.5084983 45.6989725)
623609158,45.6987395,-73.5096424,1,,,POINT (-73.5096424 45.6987395)
632182902,45.6589103,-73.5228738,3,,,POINT (-73.5228738 45.6589103)
632183814,45.6491632,-73.5302295,3,,,POINT (-73.5302295 45.6491632)
634770777,45.4741016,-73.7080652,3,,,POINT (-73.7080652 45.4741016)
639341773,45.6010693,-73.5692676,3,,,POINT (-73.5692676 45.6010693)
658951436,45.6133975,-73.5986143,1,,,POINT (-73.5986143 45.6133975)
658951437,45.613895,-73.5987325,3,,,POINT (-73.5987325 45.613895)
658951439,45.6134481,-73.5997189,3,,,POINT (-73.5997189 45.6134481)
658977071,45.5100628,-73.6879089,4,,,POINT (-73.6879089 45.5100628)
660645108,45.5893753,-73.5091029,3,,,POINT (-73.5091029 45.5893753)
797776010,45.4675847,-73.5664172,4,,,POINT (-73.5664172 45.4675847)
823567720,45.5292072,-73.5944654,2,,,POINT (-73.5944654 45.5292072)
892643568,45.5899336,-73.5820388,3,78,motorway_junction,POINT (-73.5820388 45.5899336)
892643569,45.5912343,-73.5805569,3,,,POINT (-73.5805569 45.5912343)
892653766,45.5918246,-73.5808835,3,,,POINT (-73.5808835 45.5918246)
892653768,45.5837662,-73.5871985,3,,crossing,POINT (-73.5871985 45.5837662)
892656438,45.567929,-73.590114,2,,,POINT (-73.590114 45.567929)
923862433,45.6405944,-73.4944775,3,,,POINT (-73.4944775 45.6405944)
923862524,45.6685814,-73.5050529,3,,,POINT (-73.5050529 45.6685814)
967493700,45.4886396,-73.5418534,1,,,POINT (-73.5418534 45.4886396)
1018669726,45.565202,-73.5245404,3,,,POINT (-73.5245404 45.565202)
1018669768,45.564691,-73.5237812,3,,,POINT (-73.5237812 45.564691)
1018669834,45.566434,-73.5229642,3,,,POINT (-73.5229642 45.566434)
1100950011,45.4717879,-73.5417232,1,,,POINT (-73.5417232 45.4717879)
1104523697,45.5232099,-73.5478399,3,,,POINT (-73.5478399 45.5232099)
1104523738,45.5228383,-73.5462908,4,,,POINT (-73.5462908 45.5228383)
1104523759,45.5220526,-73.5459508,3,,,POINT (-73.5459508 45.5220526)
1104523809,45.5230832,-73.5468718,3,,,POINT (-73.5468718 45.5230832)
1104523898,45.5220966,-73.5468869,3,,,POINT (-73.5468869 45.5220966)
1104523939,45.5239908,-73.5486303,3,,,POINT (-73.5486303 45.5239908)
1104523979,45.5235787,-73.5479111,4,,,POINT (-73.5479111 45.5235787)
1104523989,45.5233675,-73.5474955,3,,,POINT (-73.5474955 45.5233675)
1115937196,45.4885115,-73.5781895,3,,,POINT (-73.5781895 45.4885115)
1178620989,45.528077,-73.5573711,5,,,POINT (-73.5573711 45.528077)
1181957218,45.5562042,-73.5262431,1,,,POINT (-73.5262431 45.5562042)
1205481072,45.5016318,-73.562959,3,,,POINT (-73.562959 45.5016318)
1207291265,45.5346495,-73.6183297,4,,,POINT (-73.6183297 45.5346495)
1209147513,45.4340689,-73.6508867,4,,,POINT (-73.6508867 45.4340689)
1209147560,45.4248727,-73.6498828,3,,,POINT (-73.6498828 45.4248727)
1234301590,45.5653075,-73.5545212,4,,,POINT (-73.5545212 45.5653075)
1242690444,45.4646755,-73.5952616,3,634,,POINT (-73.5952616 45.4646755)
1258984235,45.5920567,-73.6210082,1,,,POINT (-73.6210082 45.5920567)
1272527122,45.5210745,-73.5500018,3,,,POINT (-73.5500018 45.5210745)
1290876525,45.4962066,-73.5677481,3,,,POINT (-73.5677481 45.4962066)
1311769235,45.4627002,-73.6265459,3,,,POINT (-73.6265459 45.4627002)
1314049471,45.6293653,-73.6119377,4,,,POINT (-73.6119377 45.6293653)
1314049499,45.621808,-73.603487,3,9,motorway_junction,POINT (-73.603487 45.621808)
1314049524,45.6142331,-73.5921538,3,,,POINT (-73.5921538 45.6142331)
1314049547,45.6294844,-73.6120632,4,,,POINT (-73.6120632 45.6294844)
1315075334,45.5099219,-73.5674456,3,,,POINT (-73.5674456 45.5099219)
1329114156,45.493385,-73.5715745,3,4,motorway_junction,POINT (-73.5715745 45.493385)
1329114159,45.4897048,-73.5758822,3,,,POINT (-73.5758822 45.4897048)
1374356024,45.5116945,-73.5780791,4,,,POINT (-73.5780791 45.5116945)
1411570408,45.4723446,-73.5695291,2,,,POINT (-73.5695291 45.4723446)
1420176994,45.5327148,-73.6533917,1,,,POINT (-73.6533917 45.5327148)
1420177041,45.5326237,-73.6533205,1,,,POINT (-73.6533205 45.5326237)
1420177057,45.5325519,-73.6540767,3,,,POINT (-73.6540767 45.5325519)
1427593062,45.4325845,-73.6295931,3,,,POINT (-73.6295931 45.4325845)
1427593080,45.4323962,-73.6295241,1,,,POINT (-73.6295241 45.4323962)
1427796324,45.4275867,-73.5954094,2,,,POINT (-73.5954094 45.4275867)
1429448537,45.4671346,-73.5666154,3,,,POINT (-73.5666154 45.4671346)
1448487585,45.5331374,-73.5681484,3,,,POINT (-73.5681484 45.5331374)
1448557335,45.6059497,-73.6048614,3,,,POINT (-73.6048614 45.6059497)
1448557379,45.6062009,-73.6045269,4,,,POINT (-73.6045269 45.6062009)
1448557394,45.5931167,-73.5777303,4,,,POINT (-73.5777303 45.5931167)
1448557403,45.5936904,-73.5790191,4,,,POINT (-73.5790191 45.5936904)
1448557414,45.5919688,-73.5750481,4,,,POINT (-73.5750481 45.5919688)
1450239146,45.5920175,-73.5751603,4,,,POINT (-73.5751603 45.5920175)
1450239181,45.5921042,-73.5750732,4,,,POINT (-73.5750732 45.5921042)
1450239297,45.5933871,-73.573877,3,,,POINT (-73.573877 45.5933871)
1472721954,45.5066775,-73.5795371,3,,,POINT (-73.5795371 45.5066775)
1472721975,45.506834,-73.5806409,3,,,POINT (-73.5806409 45.506834)
1543768644,45.4335792,-73.6381204,3,,,POINT (-73.6381204 45.4335792)
1543768655,45.4288822,-73.6395591,3,,,POINT (-73.6395591 45.4288822)
1543768657,45.4334552,-73.6384757,1,,,POINT (-73.6384757 45.4334552)
1574790999,45.4950632,-73.5918531,3,,,POINT (-73.5918531 45.4950632)
1583404288,45.5456225,-73.6393218,3,,,POINT (-73.6393218 45.5456225)
1583404291,45.5454217,-73.6384322,3,,,POINT (-73.6384322 45.5454217)
1626472601,45.5329755,-73.6475535,3,,motorway_junction,POINT (-73.6475535 45.5329755)
1657372890,45.473658,-73.7079514,3,,,POINT (-73.7079514 45.473658)
1669418006,45.4288602,-73.6081699,1,,,POINT (-73.6081699 45.4288602)
1669418008,45.4290592,-73.6089301,3,,,POINT (-73.6089301 45.4290592)
1669658154,45.4689353,-73.5448401,1,,,POINT (-73.5448401 45.4689353)
1700228879,45.4152578,-73.6221793,3,,,POINT (-73.6221793 45.4152578)
1700228918,45.4210628,-73.6206854,3,,,POINT (-73.6206854 45.4210628)
1700228919,45.4215141,-73.6202701,3,,,POINT (-73.6202701 45.4215141)
1700525650,45.4619038,-73.5670893,4,,,POINT (-73.5670893 45.4619038)
1700549630,45.4190843,-73.6217417,3,,,POINT (-73.6217417 45.4190843)
1721660270,45.5502634,-73.6293056,4,,,POINT (-73.6293056 45.5502634)
1721660301,45.5557579,-73.6244152,3,,,POINT (-73.6244152 45.5557579)
1721660302,45.5562717,-73.6227712,1,,,POINT (-73.6227712 45.5562717)
1721660330,45.5563026,-73.6181759,3,,,POINT (-73.6181759 45.5563026)
1721660358,45.5558445,-73.6231579,3,,,POINT (-73.6231579 45.5558445)
1734380596,45.4624516,-73.579354,4,,,POINT (-73.579354 45.4624516)
1756028727,45.5862906,-73.5855196,3,76,motorway_junction,POINT (-73.5855196 45.5862906)
1756028731,45.5803971,-73.5910454,3,,,POINT (-73.5910454 45.5803971)
1756028733,45.5780383,-73.5927232,3,77,motorway_junction,POINT (-73.5927232 45.5780383)
1756028737,45.5779374,-73.5930289,3,,,POINT (-73.5930289 45.5779374)
1756028738,45.5669947,-73.6026689,3,76,motorway_junction,POINT (-73.6026689 45.5669947)
1756028758,45.5551575,-73.6203321,3,,,POINT (-73.6203321 45.5551575)
1763307857,45.5925841,-73.5222852,3,,,POINT (-73.5222852 45.5925841)
1763307862,45.593267,-73.5244812,4,,,POINT (-73.5244812 45.593267)
1764259735,45.4194882,-73.6223618,1,,,POINT (-73.6223618 45.4194882)
1764284111,45.4627765,-73.5670136,4,,,POINT (-73.5670136 45.4627765)
1764298494,45.4516452,-73.5678706,4,,,POINT (-73.5678706 45.4516452)
1765623751,45.5550564,-73.6219302,4,,,POINT (-73.6219302 45.5550564)
1766419095,45.5470195,-73.5596056,4,,,POINT (-73.5596056 45.5470195)
1766803140,45.5344323,-73.6177923,3,,,POINT (-73.6177923 45.5344323)
1766876419,45.490533,-73.7361429,3,,,POINT (-73.7361429 45.490533)
1766876576,45.4903756,-73.7319562,3,,motorway_junction,POINT (-73.7319562 45.4903756)
1767178796,45.5360067,-73.7018511,3,4-E,motorway_junction,POINT (-73.7018511 45.5360067)
1767750220,45.472529,-73.6119875,3,548,,POINT (-73.6119875 45.472529)
1768238725,45.4375956,-73.6921257,3,,,POINT (-73.6921257 45.4375956)
1790500048,45.5571955,-73.5933694,3,,,POINT (-73.5933694 45.5571955)
1843396775,45.4939915,-73.6977626,4,,,POINT (-73.6977626 45.4939915)
1843396776,45.4917794,-73.6945919,4,,,POINT (-73.6945919 45.4917794)
1876915218,45.4928487,-73.6502099,3,,,POINT (-73.6502099 45.4928487)
1876924182,45.4949411,-73.6533359,3,,,POINT (-73.6533359 45.4949411)
1876924186,45.494494,-73.6539092,3,,,POINT (-73.6539092 45.494494)
1876924187,45.4942196,-73.6534789,3,,,POINT (-73.6534789 45.4942196)
1876930174,45.5371687,-73.6442194,3,,,POINT (-73.6442194 45.5371687)
1878333228,45.5402241,-73.5903108,2,,,POINT (-73.5903108 45.5402241)
1952957765,45.5298179,-73.6205167,3,,,POINT (-73.6205167 45.5298179)
1952957786,45.5301759,-73.622263,4,,,POINT (-73.622263 45.5301759)
2063153795,45.5252756,-73.6519896,3,71,motorway_junction,POINT (-73.6519896 45.5252756)
2071047495,45.6105922,-73.5802981,3,,,POINT (-73.5802981 45.6105922)
2089525553,45.4442331,-73.6634807,3,,,POINT (-73.6634807 45.4442331)
2091616645,45.4827096,-73.5581579,2,,,POINT (-73.5581579 45.4827096)
2091857134,45.5351115,-73.6335238,2,,,POINT (-73.6335238 45.5351115)
2130285315,45.49522,-73.6811631,3,,,POINT (-73.6811631 45.49522)
2133239436,45.4953123,-73.6552024,3,,,POINT (-73.6552024 45.4953123)
2148233412,45.4792485,-73.6197093,2,,,POINT (-73.6197093 45.4792485)
2155510801,45.4314956,-73.6081207,1,,,POINT (-73.6081207 45.4314956)
2155510803,45.4310262,-73.608375,3,,,POINT (-73.608375 45.4310262)
2155637727,45.5511482,-73.6286313,3,,,POINT (-73.6286313 45.5511482)
2155637729,45.5507924,-73.6282928,3,,,POINT (-73.6282928 45.5507924)
2155637736,45.5516209,-73.6277165,3,,,POINT (-73.6277165 45.5516209)
2155653750,45.5693554,-73.5978637,3,,,POINT (-73.5978637 45.5693554)
2183780275,45.545159,-73.6380712,3,,,POINT (-73.6380712 45.545159)
2183863945,45.5422264,-73.6435192,3,,,POINT (-73.6435192 45.5422264)
2185062802,45.5053801,-73.6421824,3,,,POINT (-73.6421824 45.5053801)
2186461647,45.5591846,-73.6507627,3,,,POINT (-73.6507627 45.5591846)
2238506632,45.5420946,-73.5873502,2,,,POINT (-73.5873502 45.5420946)
2328418640,45.6687885,-73.505718,3,,,POINT (-73.505718 45.6687885)
2328418657,45.6663089,-73.505809,3,,,POINT (-73.505809 45.6663089)
2328418671,45.6654794,-73.5061339,3,,,POINT (-73.5061339 45.6654794)
2388532737,45.6167441,-73.594255,3,,,POINT (-73.594255 45.6167441)
2388532780,45.6145174,-73.5974401,3,,,POINT (-73.5974401 45.6145174)
2388532789,45.6169319,-73.5939824,3,,,POINT (-73.5939824 45.6169319)
2388532869,45.614637,-73.5975194,3,,,POINT (-73.5975194 45.614637)
2431664738,45.5410098,-73.6637771,3,,,POINT (-73.6637771 45.5410098)
2444454072,45.5592151,-73.5354751,4,,,POINT (-73.5354751 45.5592151)
2448285186,45.5567318,-73.5279494,4,,,POINT (-73.5279494 45.5567318)
2503480295,45.5602783,-73.5252827,3,,,POINT (-73.5252827 45.5602783)
2578898420,45.6598046,-73.5423451,2,,,POINT (-73.5423451 45.6598046)
2859158918,45.568157,-73.5342058,3,,,POINT (-73.5342058 45.568157)
2886138551,45.5966542,-73.5741868,3,,,POINT (-73.5741868 45.5966542)
2886138690,45.5987962,-73.575403,2,,,POINT (-73.575403 45.5987962)
2886138721,45.5981779,-73.5768016,1,,,POINT (-73.5768016 45.5981779)
3051145128,45.6514471,-73.524894,3,,,POINT (-73.524894 45.6514471)
3051145131,45.6501725,-73.5263354,3,87,motorway_junction,POINT (-73.5263354 45.6501725)
3186595349,45.5031537,-73.7574248,1,,,POINT (-73.7574248 45.5031537)
3191564091,45.5027795,-73.5689852,3,,,POINT (-73.5689852 45.5027795)
3196460289,45.4958277,-73.5670324,3,,,POINT (-73.5670324 45.4958277)
3196463034,45.495737,-73.5668548,3,,,POINT (-73.5668548 45.495737)
3199250507,45.5748843,-73.58452,4,,,POINT (-73.58452 45.5748843)
3199250699,45.5760177,-73.593826,4,,,POINT (-73.593826 45.5760177)
3199250723,45.5765429,-73.5949745,4,,,POINT (-73.5949745 45.5765429)
3199250909,45.5902376,-73.6180503,4,,,POINT (-73.6180503 45.5902376)
3199250912,45.5905872,-73.6188206,3,,,POINT (-73.6188206 45.5905872)
3214535666,45.6129563,-73.5588542,3,,,POINT (-73.5588542 45.6129563)
3215653181,45.6141823,-73.5592649,1,,,POINT (-73.5592649 45.6141823)
3220478424,45.6125813,-73.5599883,3,,,POINT (-73.5599883 45.6125813)
3220478426,45.6134996,-73.5592336,3,,,POINT (-73.5592336 45.6134996)
3243344571,45.5583162,-73.6670379,4,,,POINT (-73.6670379 45.5583162)
3243344573,45.5583805,-73.6672556,3,,,POINT (-73.6672556 45.5583805)
3243344587,45.5626614,-73.6626443,3,,,POINT (-73.6626443 45.5626614)
3243344660,45.542138,-73.6409922,4,,,POINT (-73.6409922 45.542138)
3243349261,45.5422657,-73.6409081,4,,,POINT (-73.6409081 45.5422657)
3243349266,45.5414105,-73.6420539,4,,,POINT (-73.6420539 45.5414105)
3243349288,45.5552357,-73.6683189,4,,,POINT (-73.6683189 45.5552357)
3243349289,45.5551841,-73.6681229,4,,,POINT (-73.6681229 45.5551841)
3243349290,45.5545301,-73.6687305,4,,,POINT (-73.6687305 45.5545301)
3243349291,45.5544794,-73.668545,4,,,POINT (-73.668545 45.5544794)
3282161765,45.5956129,-73.6428697,3,,,POINT (-73.6428697 45.5956129)
3313215479,45.5012329,-73.6691878,3,,,POINT (-73.6691878 45.5012329)
3313262022,45.5043541,-73.6680886,3,,,POINT (-73.6680886 45.5043541)
3319392615,45.5343955,-73.6809476,4,,,POINT (-73.6809476 45.5343955)
3319392616,45.5341938,-73.6808406,4,,,POINT (-73.6808406 45.5341938)
3319392617,45.5343183,-73.6807616,4,,,POINT (-73.6807616 45.5343183)
3319393511,45.5407784,-73.6956911,4,,,POINT (-73.6956911 45.5407784)
3344546113,45.5313237,-73.6496286,4,,,POINT (-73.6496286 45.5313237)
3344546161,45.5357149,-73.6657025,4,,,POINT (-73.6657025 45.5357149)
3344546163,45.5355697,-73.6655268,4,,,POINT (-73.6655268 45.5355697)
3344546164,45.5357058,-73.6655128,4,,,POINT (-73.6655128 45.5357058)
3344546309,45.5339772,-73.6749088,4,,,POINT (-73.6749088 45.5339772)
3344546310,45.5341464,-73.6747824,3,,,POINT (-73.6747824 45.5341464)
3344546311,45.5340141,-73.6747248,4,,,POINT (-73.6747248 45.5340141)
3344546317,45.5365186,-73.7013636,4,,,POINT (-73.7013636 45.5365186)
3344546318,45.5365915,-73.7014634,4,,,POINT (-73.7014634 45.5365915)
3346043818,45.548123,-73.6247853,4,,,POINT (-73.6247853 45.548123)
3346043819,45.5481062,-73.62455,4,,,POINT (-73.62455 45.5481062)
3383056810,45.5212111,-73.592477,4,,,POINT (-73.592477 45.5212111)
3383056812,45.5211571,-73.5923635,4,,,POINT (-73.5923635 45.5211571)
3383056817,45.5189761,-73.5943372,4,,,POINT (-73.5943372 45.5189761)
3383056818,45.5190327,-73.5944641,4,,,POINT (-73.5944641 45.5190327)
3390028506,45.4900431,-73.5787501,3,,,POINT (-73.5787501 45.4900431)
3409336043,45.6959153,-73.4937746,3,,,POINT (-73.4937746 45.6959153)
3440032714,45.5235053,-73.5477792,4,,,POINT (-73.5477792 45.5235053)
3446927163,45.4710112,-73.6014554,4,,,POINT (-73.6014554 45.4710112)
3446935215,45.4690774,-73.6044754,4,547,,POINT (-73.6044754 45.4690774)
3459759120,45.4959322,-73.5627005,4,,,POINT (-73.5627005 45.4959322)
3468181966,45.5840401,-73.6504016,3,,,POINT (-73.6504016 45.5840401)
3468181967,45.5839256,-73.6504502,3,,,POINT (-73.6504502 45.5839256)
3468181968,45.5839082,-73.6501916,4,,,POINT (-73.6501916 45.5839082)
3468181969,45.5837986,-73.650239,4,,,POINT (-73.650239 45.5837986)
3560183207,45.4766157,-73.5854195,2,,,POINT (-73.5854195 45.4766157)
3586941887,45.4906053,-73.5574445,2,,,POINT (-73.5574445 45.4906053)
3597175293,45.5279978,-73.6500292,3,,,POINT (-73.6500292 45.5279978)
3600864825,45.5458293,-73.619539,3,525,,POINT (-73.619539 45.5458293)
3622499431,45.5033977,-73.6699621,3,,,POINT (-73.6699621 45.5033977)
3633038968,45.4715254,-73.607776,1,,,POINT (-73.607776 45.4715254)
3647600917,45.5055881,-73.7108986,1,,,POINT (-73.7108986 45.5055881)
3651507529,45.5654361,-73.5544521,4,,,POINT (-73.5544521 45.5654361)
3659066768,45.5279405,-73.6537154,3,,,POINT (-73.6537154 45.5279405)
3659066778,45.5276663,-73.6552839,3,1-O,motorway_junction,POINT (-73.6552839 45.5276663)
3659087148,45.5291681,-73.6528219,1,,,POINT (-73.6528219 45.5291681)
3662394699,45.4728944,-73.6057394,4,,,POINT (-73.6057394 45.4728944)
3663918246,45.4395851,-73.6984486,2,,,POINT (-73.6984486 45.4395851)
3681514792,45.640177,-73.4913626,3,,,POINT (-73.4913626 45.640177)
3688210914,45.4704693,-73.5348925,3,58,motorway_junction,POINT (-73.5348925 45.4704693)
3690975999,45.5395353,-73.6137643,3,,,POINT (-73.6137643 45.5395353)
3690981203,45.5414729,-73.6399108,3,,,POINT (-73.6399108 45.5414729)
3696661995,45.5454282,-73.6926107,3,,,POINT (-73.6926107 45.5454282)
3700456787,45.5704651,-73.5330755,3,,motorway_junction,POINT (-73.5330755 45.5704651)
3700477054,45.5897952,-73.5228022,3,,,POINT (-73.5228022 45.5897952)
3700477061,45.5875324,-73.5158181,3,,,POINT (-73.5158181 45.5875324)
3700477093,45.5892411,-73.5204396,3,,,POINT (-73.5204396 45.5892411)
3700491754,45.5845891,-73.5087077,4,,,POINT (-73.5087077 45.5845891)
3700491760,45.5858471,-73.5080942,4,,,POINT (-73.5080942 45.5858471)
3700491761,45.5858533,-73.50796,3,,,POINT (-73.50796 45.5858533)
3700491763,45.5649614,-73.5234924,4,,,POINT (-73.5234924 45.5649614)
3700491765,45.5650334,-73.5236462,4,,,POINT (-73.5236462 45.5650334)
3700491766,45.5649759,-73.5236681,4,,,POINT (-73.5236681 45.5649759)
3700491781,45.5603287,-73.5254,3,,,POINT (-73.5254 45.5603287)
3700491784,45.5582614,-73.5269328,3,,,POINT (-73.5269328 45.5582614)
3701782249,45.5394511,-73.631016,3,,,POINT (-73.631016 45.5394511)
3701782252,45.5389823,-73.6313515,4,,,POINT (-73.6313515 45.5389823)
3701782254,45.5388796,-73.6314249,4,,,POINT (-73.6314249 45.5388796)
3701782258,45.5369452,-73.6324948,3,,,POINT (-73.6324948 45.5369452)
3705958573,45.5157616,-73.680538,3,,,POINT (-73.680538 45.5157616)
3711195988,45.4871235,-73.5419947,3,,,POINT (-73.5419947 45.4871235)
3713187330,45.4296037,-73.6080615,3,,,POINT (-73.6080615 45.4296037)
3714207981,45.5009545,-73.6695358,3,,,POINT (-73.6695358 45.5009545)
3716140857,45.4667294,-73.5816553,4,,,POINT (-73.5816553 45.4667294)
3717987139,45.455166,-73.6326741,3,,,POINT (-73.6326741 45.455166)
3726912717,45.4653323,-73.6067067,3,,,POINT (-73.6067067 45.4653323)
3749429982,45.6446153,-73.5852003,3,,,POINT (-73.5852003 45.6446153)
3786953566,45.4554416,-73.6315731,3,,,POINT (-73.6315731 45.4554416)
3786953569,45.4539967,-73.6328698,3,,,POINT (-73.6328698 45.4539967)
3786953570,45.453923,-73.6326696,3,,,POINT (-73.6326696 45.453923)
3798904592,45.4897453,-73.5457582,1,,,POINT (-73.5457582 45.4897453)
3806113399,45.4962966,-73.5624983,3,,,POINT (-73.5624983 45.4962966)
3807013997,45.561431,-73.5425243,4,,,POINT (-73.5425243 45.561431)
3807014001,45.5614595,-73.5423834,5,,,POINT (-73.5423834 45.5614595)
3807014002,45.5615076,-73.5424789,4,,,POINT (-73.5424789 45.5615076)
3821786879,45.5388462,-73.6313072,4,,,POINT (-73.6313072 45.5388462)
3832080466,45.4710201,-73.6012277,3,,,POINT (-73.6012277 45.4710201)
3833422939,45.4405713,-73.6459696,3,,,POINT (-73.6459696 45.4405713)
3833422945,45.440664,-73.6457312,3,,,POINT (-73.6457312 45.440664)
3834890885,45.4536161,-73.6291905,3,,,POINT (-73.6291905 45.4536161)
3846629762,45.4542716,-73.6324336,3,,,POINT (-73.6324336 45.4542716)
3846629764,45.4546546,-73.6323886,3,,,POINT (-73.6323886 45.4546546)
3892518933,45.4533677,-73.6279901,3,,,POINT (-73.6279901 45.4533677)
3892518937,45.4534378,-73.6270118,3,,,POINT (-73.6270118 45.4534378)
3892518938,45.4558541,-73.6242908,3,,,POINT (-73.6242908 45.4558541)
3892518939,45.4544115,-73.622273,3,,,POINT (-73.622273 45.4544115)
3892518941,45.4520006,-73.6291166,3,,,POINT (-73.6291166 45.4520006)
3892544814,45.4614855,-73.6240384,3,,,POINT (-73.6240384 45.4614855)
3892544815,45.4615624,-73.6241301,4,,,POINT (-73.6241301 45.4615624)
3892544817,45.4618938,-73.6233553,3,,,POINT (-73.6233553 45.4618938)
3892544818,45.4615145,-73.6242246,4,,,POINT (-73.6242246 45.4615145)
3892555751,45.450997,-73.6331674,4,,,POINT (-73.6331674 45.450997)
3905446397,45.4710964,-73.6013517,4,,,POINT (-73.6013517 45.4710964)
3912479023,45.4749722,-73.5935331,1,,,POINT (-73.5935331 45.4749722)
3917750233,45.5069452,-73.6391401,2,,,POINT (-73.6391401 45.5069452)
3922755641,45.4981783,-73.6278822,3,,,POINT (-73.6278822 45.4981783)
3954396476,45.5534332,-73.555768,2,,,POINT (-73.555768 45.5534332)
3954639560,45.5656712,-73.5402624,3,,,POINT (-73.5402624 45.5656712)
3993046353,45.5707008,-73.5991237,3,,,POINT (-73.5991237 45.5707008)
4007744795,45.6983856,-73.4845086,3,,,POINT (-73.4845086 45.6983856)
4007744799,45.6984543,-73.4845941,3,,,POINT (-73.4845941 45.6984543)
4031745296,45.6496496,-73.526523,3,,,POINT (-73.526523 45.6496496)
4031745322,45.648858,-73.5295475,4,,,POINT (-73.5295475 45.648858)
4031745323,45.6487485,-73.5296059,3,,,POINT (-73.5296059 45.6487485)
4031745324,45.6475464,-73.5268885,3,,,POINT (-73.5268885 45.6475464)
4031745325,45.6476084,-73.5267738,4,,,POINT (-73.5267738 45.6476084)
4031745330,45.6524355,-73.5362198,4,,,POINT (-73.5362198 45.6524355)
4031745331,45.6522728,-73.5362798,4,,,POINT (-73.5362798 45.6522728)
4031745332,45.6539572,-73.5374045,3,,,POINT (-73.5374045 45.6539572)
4031745343,45.6527105,-73.5356494,3,,,POINT (-73.5356494 45.6527105)
4031745347,45.6526919,-73.5363834,3,,,POINT (-73.5363834 45.6526919)
4031745348,45.6519946,-73.5368412,3,,,POINT (-73.5368412 45.6519946)
4031745354,45.6520447,-73.5361046,3,,,POINT (-73.5361046 45.6520447)
4035259425,45.6664097,-73.5069824,4,,,POINT (-73.5069824 45.6664097)
4035259430,45.6687884,-73.5050102,3,,,POINT (-73.5050102 45.6687884)
4035259437,45.6691599,-73.5040397,1,,,POINT (-73.5040397 45.6691599)
4035259438,45.6695032,-73.506048,1,,,POINT (-73.506048 45.6695032)
4035259445,45.6688644,-73.5056509,3,,,POINT (-73.5056509 45.6688644)
4051954602,45.5811186,-73.5905907,3,,,POINT (-73.5905907 45.5811186)
4051954633,45.5914276,-73.5811417,3,,,POINT (-73.5811417 45.5914276)
4051954639,45.589774,-73.5823878,3,,,POINT (-73.5823878 45.589774)
4053511294,45.6204849,-73.5525955,3,83,motorway_junction,POINT (-73.5525955 45.6204849)
4059855439,45.4991294,-73.5625314,3,,,POINT (-73.5625314 45.4991294)
4059882019,45.4252009,-73.6497204,4,,,POINT (-73.6497204 45.4252009)
4065660814,45.5052045,-73.6657195,3,,motorway_junction,POINT (-73.6657195 45.5052045)
4067172834,45.5740165,-73.5626887,3,,,POINT (-73.5626887 45.5740165)
4067184227,45.4760091,-73.5733202,1,,,POINT (-73.5733202 45.4760091)
4067184230,45.4760972,-73.5735373,1,,,POINT (-73.5735373 45.4760972)
4070256229,45.5616932,-73.6070929,3,,,POINT (-73.6070929 45.5616932)
4070256234,45.5617946,-73.6077681,3,,,POINT (-73.6077681 45.5617946)
4070256247,45.5579716,-73.6118443,3,,,POINT (-73.6118443 45.5579716)
4070256251,45.5581622,-73.6123706,5,,,POINT (-73.6123706 45.5581622)
4070256252,45.5584909,-73.6127805,4,,,POINT (-73.6127805 45.5584909)
4070256260,45.5581901,-73.6145171,4,,,POINT (-73.6145171 45.5581901)
4072233825,45.5531373,-73.5804809,3,,,POINT (-73.5804809 45.5531373)
4072233826,45.5532109,-73.5803307,4,,,POINT (-73.5803307 45.5532109)
4072253881,45.4915907,-73.6991993,3,,motorway_junction,POINT (-73.6991993 45.4915907)
4080358353,45.5681948,-73.5343181,3,,,POINT (-73.5343181 45.5681948)
4101043565,45.6634235,-73.5140121,3,,,POINT (-73.5140121 45.6634235)
4109587564,45.5081548,-73.6638223,3,,,POINT (-73.6638223 45.5081548)
4131236232,45.5301036,-73.6464952,3,,,POINT (-73.6464952 45.5301036)
4163358846,45.4907458,-73.6926546,3,,,POINT (-73.6926546 45.4907458)
4171683688,45.5117204,-73.6155322,2,,,POINT (-73.6155322 45.5117204)
4198101820,45.4481177,-73.6929678,3,,,POINT (-73.6929678 45.4481177)
4198101823,45.4545017,-73.697295,3,1,motorway_junction,POINT (-73.697295 45.4545017)
4198101882,45.4544092,-73.6971076,3,,,POINT (-73.6971076 45.4544092)
4198101995,45.4481397,-73.6933133,4,,motorway_junction,POINT (-73.6933133 45.4481397)
4198101999,45.4475875,-73.6956283,3,,motorway_junction,POINT (-73.6956283 45.4475875)
4198102066,45.4481634,-73.7036355,3,,,POINT (-73.7036355 45.4481634)
4198102077,45.4481282,-73.6931415,3,,,POINT (-73.6931415 45.4481282)
4198102082,45.4372423,-73.6921032,3,,,POINT (-73.6921032 45.4372423)
4203554318,45.5210283,-73.5353034,3,,,POINT (-73.5353034 45.5210283)
4203554323,45.5207768,-73.5360601,3,,,POINT (-73.5360601 45.5207768)
4203554330,45.5204209,-73.5350498,3,,,POINT (-73.5350498 45.5204209)
4203554371,45.4391837,-73.6501313,3,4,motorway_junction,POINT (-73.6501313 45.4391837)
4221549637,45.4391651,-73.6503252,3,,,POINT (-73.6503252 45.4391651)
4278370482,45.4989959,-73.5626598,4,,,POINT (-73.5626598 45.4989959)
4281069762,45.4980297,-73.5615389,4,,,POINT (-73.5615389 45.4980297)
4281069766,45.4985528,-73.5612603,3,,,POINT (-73.5612603 45.4985528)
4281069767,45.4978039,-73.5596848,3,,,POINT (-73.5596848 45.4978039)
4281069770,45.496948,-73.5591535,3,,,POINT (-73.5591535 45.496948)
4291194115,45.4730632,-73.5561455,4,,,POINT (-73.5561455 45.4730632)
4291194133,45.4732408,-73.5561579,4,,,POINT (-73.5561579 45.4732408)
4303129704,45.5342753,-73.6810231,4,,,POINT (-73.6810231 45.5342753)
4329987238,45.5429298,-73.6941898,2,,,POINT (-73.6941898 45.5429298)
4330658849,45.5036023,-73.7571296,3,,,POINT (-73.7571296 45.5036023)
4331950929,45.5145059,-73.6952435,3,,,POINT (-73.6952435 45.5145059)
4331950930,45.5146045,-73.6951162,3,,,POINT (-73.6951162 45.5146045)
4332076208,45.5061916,-73.7128176,3,,,POINT (-73.7128176 45.5061916)
4332076209,45.5062798,-73.7127078,3,,,POINT (-73.7127078 45.5062798)
4332093375,45.5029694,-73.7564653,3,,,POINT (-73.7564653 45.5029694)
4332093381,45.503306,-73.7561073,3,,,POINT (-73.7561073 45.503306)
4333592488,45.4634075,-73.5626992,3,,,POINT (-73.5626992 45.4634075)
4333593189,45.463421,-73.5625901,3,,,POINT (-73.5625901 45.463421)
4335016423,45.4562553,-73.6311308,3,,,POINT (-73.6311308 45.4562553)
4344061991,45.4941503,-73.6533721,3,,,POINT (-73.6533721 45.4941503)
4344195535,45.5222471,-73.7075523,4,,,POINT (-73.7075523 45.5222471)
4344195541,45.5236613,-73.7043087,3,,,POINT (-73.7043087 45.5236613)
4349834387,45.4855199,-73.5807032,4,,,POINT (-73.5807032 45.4855199)
4365908819,45.5128832,-73.693379,1,,,POINT (-73.693379 45.5128832)
4377920932,45.6320373,-73.6143404,3,10,motorway_junction,POINT (-73.6143404 45.6320373)
4466707777,45.5415691,-73.5746751,2,,,POINT (-73.5746751 45.5415691)
4486697722,45.5493386,-73.635974,3,,,POINT (-73.635974 45.5493386)
4487062370,45.5566828,-73.5278272,4,,,POINT (-73.5278272 45.5566828)
4487062387,45.5561107,-73.5282306,3,,,POINT (-73.5282306 45.5561107)
4487062493,45.557077,-73.5276667,3,,,POINT (-73.5276667 45.557077)
4487062496,45.5585616,-73.5268413,3,,,POINT (-73.5268413 45.5585616)
4487062503,45.5647957,-73.5544793,3,,,POINT (-73.5544793 45.5647957)
4487062505,45.5649949,-73.5535707,3,,,POINT (-73.5535707 45.5649949)
4487062509,45.5652085,-73.5537597,3,,,POINT (-73.5537597 45.5652085)
4487062514,45.5657876,-73.5540155,3,,,POINT (-73.5540155 45.5657876)
4487174669,45.4392625,-73.6218503,1,,,POINT (-73.6218503 45.4392625)
4487174671,45.439603,-73.621905,3,,,POINT (-73.621905 45.439603)
4488192544,45.5454888,-73.6395235,1,,,POINT (-73.6395235 45.5454888)
4488600990,45.4241752,-73.6462645,3,,,POINT (-73.6462645 45.4241752)
4488816363,45.5747636,-73.5841325,3,,,POINT (-73.5841325 45.5747636)
4488816364,45.5748591,-73.5841137,3,,,POINT (-73.5841137 45.5748591)
4488816367,45.575101,-73.5849025,3,,,POINT (-73.5849025 45.575101)
4488816373,45.5752355,-73.5843161,4,,,POINT (-73.5843161 45.5752355)
4488945336,45.5616768,-73.6046377,3,,,POINT (-73.6046377 45.5616768)
4491590897,45.5287935,-73.5442953,3,,,POINT (-73.5442953 45.5287935)
4492501522,45.5559222,-73.6177265,4,,,POINT (-73.6177265 45.5559222)
4492648672,45.5826691,-73.5431147,4,,,POINT (-73.5431147 45.5826691)
4492648673,45.5827057,-73.5432601,4,,,POINT (-73.5432601 45.5827057)
4492648891,45.5865824,-73.5546592,3,,,POINT (-73.5546592 45.5865824)
4493984339,45.5798375,-73.6439594,3,,,POINT (-73.6439594 45.5798375)
4493984340,45.5794564,-73.6440821,1,,,POINT (-73.6440821 45.5794564)
4493984341,45.5795272,-73.6432419,3,,,POINT (-73.6432419 45.5795272)
4493984342,45.5798122,-73.643109,1,,,POINT (-73.643109 45.5798122)
4500062054,45.4937984,-73.7562464,3,,,POINT (-73.7562464 45.4937984)
4500104035,45.5224311,-73.7080521,3,,,POINT (-73.7080521 45.5224311)
4500104045,45.5221901,-73.7076795,4,,,POINT (-73.7076795 45.5221901)
4500104048,45.5220179,-73.7080401,3,,,POINT (-73.7080401 45.5220179)
4500104061,45.5221065,-73.707551,4,,,POINT (-73.707551 45.5221065)
4500229011,45.5260499,-73.5549224,3,,,POINT (-73.5549224 45.5260499)
4500365986,45.5285741,-73.6684887,1,,,POINT (-73.6684887 45.5285741)
4500374082,45.6038872,-73.6171012,3,,,POINT (-73.6171012 45.6038872)
4500374084,45.603892,-73.6175408,1,,,POINT (-73.6175408 45.603892)
4502102327,45.5725819,-73.519105,3,,,POINT (-73.519105 45.5725819)
4502102328,45.5726271,-73.5192336,3,,,POINT (-73.5192336 45.5726271)
4502139548,45.5401654,-73.5383625,2,,,POINT (-73.5383625 45.5401654)
4502139558,45.5410154,-73.5376567,2,,,POINT (-73.5376567 45.5410154)
4502139561,45.5447588,-73.5351523,2,,,POINT (-73.5351523 45.5447588)
4502139569,45.546293,-73.5343159,2,,,POINT (-73.5343159 45.546293)
4502139570,45.5468316,-73.5340045,3,,,POINT (-73.5340045 45.5468316)
4502139574,45.5477412,-73.5335213,4,,,POINT (-73.5335213 45.5477412)
4502139576,45.5478447,-73.533455,4,,,POINT (-73.533455 45.5478447)
4502139577,45.5480597,-73.5331621,3,,,POINT (-73.5331621 45.5480597)
4502139584,45.5505009,-73.5316966,3,,,POINT (-73.5316966 45.5505009)
4502211574,45.6421992,-73.5042359,3,,,POINT (-73.5042359 45.6421992)
4502211575,45.6422866,-73.5042,3,,,POINT (-73.5042 45.6422866)
4502212259,45.6418405,-73.5020385,3,,,POINT (-73.5020385 45.6418405)
4502212260,45.6419273,-73.5020071,3,,,POINT (-73.5020071 45.6419273)
4502227323,45.6406871,-73.4944315,3,,,POINT (-73.4944315 45.6406871)
4502304226,45.6433262,-73.5112128,3,,,POINT (-73.5112128 45.6433262)
4502304227,45.6434037,-73.5111731,3,,,POINT (-73.5111731 45.6434037)
4502314652,45.6407212,-73.5148339,3,,,POINT (-73.5148339 45.6407212)
4502314653,45.6407332,-73.5150057,3,,,POINT (-73.5150057 45.6407332)
4502314654,45.6409877,-73.5147484,3,,,POINT (-73.5147484 45.6409877)
4502314655,45.641,-73.5149146,3,,,POINT (-73.5149146 45.641)
4502327944,45.6400445,-73.5152398,3,,,POINT (-73.5152398 45.6400445)
4502357230,45.5336513,-73.6766491,3,,,POINT (-73.6766491 45.5336513)
4502357231,45.5337879,-73.6766787,3,,,POINT (-73.6766787 45.5337879)
4502491807,45.5097246,-73.6867798,1,,,POINT (-73.6867798 45.5097246)
4504637806,45.592355,-73.5375726,4,,,POINT (-73.5375726 45.592355)
4506528521,45.4442602,-73.7192591,2,,,POINT (-73.7192591 45.4442602)
4507191534,45.4658797,-73.5809972,4,,,POINT (-73.5809972 45.4658797)
4508499394,45.5669164,-73.5532941,3,,,POINT (-73.5532941 45.5669164)
4508499395,45.5669723,-73.5534669,3,,,POINT (-73.5534669 45.5669723)
4512807763,45.4750047,-73.5956518,3,,,POINT (-73.5956518 45.4750047)
4513516145,45.4450309,-73.6929637,3,,,POINT (-73.6929637 45.4450309)
4514936342,45.5657024,-73.5260545,3,,,POINT (-73.5260545 45.5657024)
4514936344,45.5658161,-73.5259802,3,,,POINT (-73.5259802 45.5658161)
4515093889,45.5052425,-73.6421299,4,,,POINT (-73.6421299 45.5052425)
4515093890,45.5057044,-73.6417033,3,,,POINT (-73.6417033 45.5057044)
4515093894,45.505318,-73.642055,4,,,POINT (-73.642055 45.505318)
4515093900,45.5047116,-73.6427369,3,,,POINT (-73.6427369 45.5047116)
4518898500,45.4722843,-73.5694866,3,,,POINT (-73.5694866 45.4722843)
4520410255,45.5995657,-73.6121597,3,,,POINT (-73.6121597 45.5995657)
4520410260,45.5995589,-73.6114916,3,,,POINT (-73.6114916 45.5995589)
4520410261,45.5986276,-73.6116822,3,,,POINT (-73.6116822 45.5986276)
4520410267,45.59869,-73.6122874,3,,,POINT (-73.6122874 45.59869)
4520455491,45.447514,-73.5716158,2,,,POINT (-73.5716158 45.447514)
4526168084,45.5191492,-73.5346037,1,,,POINT (-73.5346037 45.5191492)
4526362270,45.4331412,-73.646532,3,,,POINT (-73.646532 45.4331412)
4526362273,45.4333418,-73.6460165,3,,,POINT (-73.6460165 45.4333418)
4526384241,45.4447062,-73.6338975,1,,,POINT (-73.6338975 45.4447062)
4539923790,45.6538142,-73.5102862,3,,,POINT (-73.5102862 45.6538142)
4539923791,45.6539776,-73.5104505,3,,,POINT (-73.5104505 45.6539776)
4539923792,45.6546551,-73.5099955,3,,,POINT (-73.5099955 45.6546551)
4539923793,45.6547727,-73.5101766,3,,,POINT (-73.5101766 45.6547727)
4541060053,45.6400808,-73.4914023,3,,,POINT (-73.4914023 45.6400808)
4549997916,45.5850952,-73.5218066,1,,,POINT (-73.5218066 45.5850952)
4552364496,45.604529,-73.5181284,3,,,POINT (-73.5181284 45.604529)
4552364497,45.6044784,-73.5179522,3,,,POINT (-73.5179522 45.6044784)
4552480338,45.5972714,-73.641533,3,,,POINT (-73.641533 45.5972714)
4552515300,45.6061911,-73.6050519,1,,,POINT (-73.6050519 45.6061911)
4552515303,45.6057092,-73.6044576,3,,,POINT (-73.6044576 45.6057092)
4552515310,45.6056315,-73.6051962,4,,,POINT (-73.6051962 45.6056315)
4552515314,45.6061156,-73.6051464,1,,,POINT (-73.6051464 45.6061156)
4553462274,45.5834314,-73.5911438,3,,,POINT (-73.5911438 45.5834314)
4553879092,45.5936318,-73.6153614,2,,,POINT (-73.6153614 45.5936318)
4553879097,45.5922237,-73.6162888,2,,,POINT (-73.6162888 45.5922237)
4553931591,45.6089628,-73.6010546,1,,,POINT (-73.6010546 45.6089628)
4553931595,45.6085362,-73.6005968,1,,,POINT (-73.6005968 45.6085362)
4553931600,45.6084579,-73.601223,4,,,POINT (-73.601223 45.6084579)
4555575863,45.5973033,-73.5880273,3,,,POINT (-73.5880273 45.5973033)
4555575864,45.5972117,-73.5881114,3,,,POINT (-73.5881114 45.5972117)
4577074073,45.5392096,-73.6923451,1,,crossing,POINT (-73.6923451 45.5392096)
4577074076,45.5396899,-73.6929781,3,,,POINT (-73.6929781 45.5396899)
4580996931,45.5496322,-73.6331496,3,,,POINT (-73.6331496 45.5496322)
4580996933,45.5448157,-73.6396137,3,,,POINT (-73.6396137 45.5448157)
4581046367,45.5481703,-73.6246948,4,,,POINT (-73.6246948 45.5481703)
4599405860,45.4946743,-73.6528807,4,,,POINT (-73.6528807 45.4946743)
4599405861,45.4946121,-73.6527731,4,,,POINT (-73.6527731 45.4946121)
4599405864,45.4950535,-73.65229,3,,,POINT (-73.65229 45.4950535)
4639472050,45.4603086,-73.6262032,3,,,POINT (-73.6262032 45.4603086)
4655715135,45.6121236,-73.6057585,1,,,POINT (-73.6057585 45.6121236)
4655715142,45.6121897,-73.6048243,3,,,POINT (-73.6048243 45.6121897)
4656610918,45.5993215,-73.5691761,1,,,POINT (-73.5691761 45.5993215)
4656651151,45.5895321,-73.6164935,3,,,POINT (-73.6164935 45.5895321)
4656651153,45.5896172,-73.6164184,3,,,POINT (-73.6164184 45.5896172)
4658688976,45.567176,-73.5681891,3,,,POINT (-73.5681891 45.567176)
4658688977,45.5671255,-73.568061,3,,,POINT (-73.568061 45.5671255)
4658727101,45.5629209,-73.5417313,3,,,POINT (-73.5417313 45.5629209)
4658727102,45.5637493,-73.5413155,3,,,POINT (-73.5413155 45.5637493)
4658727103,45.563719,-73.5412,3,,,POINT (-73.5412 45.563719)
4658735294,45.5792085,-73.5615922,3,,,POINT (-73.5615922 45.5792085)
4658735296,45.579089,-73.561663,3,,,POINT (-73.561663 45.579089)
4658788448,45.5799988,-73.5127823,3,,,POINT (-73.5127823 45.5799988)
4658788449,45.5799455,-73.5126716,3,,,POINT (-73.5126716 45.5799455)
4658788802,45.5664583,-73.5230981,3,,,POINT (-73.5230981 45.5664583)
4658788804,45.5655458,-73.525585,3,,,POINT (-73.525585 45.5655458)
4658788805,45.5656603,-73.5255134,3,,,POINT (-73.5255134 45.5656603)
4659380891,45.5976063,-73.5887102,3,,,POINT (-73.5887102 45.5976063)
4659380892,45.5975219,-73.5887834,3,,,POINT (-73.5887834 45.5975219)
4659380893,45.5980077,-73.5896015,3,,,POINT (-73.5896015 45.5980077)
4659380894,45.597925,-73.5896776,3,,,POINT (-73.5896776 45.597925)
4659380899,45.5995452,-73.5930024,3,,,POINT (-73.5930024 45.5995452)
4659380900,45.5994582,-73.5930764,3,,,POINT (-73.5930764 45.5994582)
4659475056,45.5939885,-73.524046,3,,,POINT (-73.524046 45.5939885)
4659475057,45.5940255,-73.5241731,3,,,POINT (-73.5241731 45.5940255)
4666684688,45.6166627,-73.6291405,3,,,POINT (-73.6291405 45.6166627)
4666684689,45.6167067,-73.6292928,3,,,POINT (-73.6292928 45.6167067)
4666805387,45.6255908,-73.6176166,3,,,POINT (-73.6176166 45.6255908)
4666805388,45.6256805,-73.6177048,3,,,POINT (-73.6177048 45.6256805)
4666805389,45.6248694,-73.6190064,3,,,POINT (-73.6190064 45.6248694)
4666805390,45.6249561,-73.6190955,3,,,POINT (-73.6190955 45.6249561)
4666805391,45.6242356,-73.6202192,3,,,POINT (-73.6202192 45.6242356)
4666805392,45.6243283,-73.620316,3,,,POINT (-73.620316 45.6243283)
4666805393,45.6230204,-73.6225577,3,,,POINT (-73.6225577 45.6230204)
4666805394,45.6231085,-73.6226511,3,,,POINT (-73.6226511 45.6231085)
4667184772,45.6445091,-73.5850964,3,,,POINT (-73.5850964 45.6445091)
4667249872,45.6443364,-73.5176652,3,,,POINT (-73.5176652 45.6443364)
4667249873,45.6444349,-73.5176321,3,,,POINT (-73.5176321 45.6444349)
4667249874,45.6440784,-73.5160979,3,,,POINT (-73.5160979 45.6440784)
4667249875,45.6441819,-73.5160665,3,,,POINT (-73.5160665 45.6441819)
4667249876,45.644011,-73.5156889,3,,,POINT (-73.5156889 45.644011)
4667249877,45.6441159,-73.5156587,3,,,POINT (-73.5156587 45.6441159)
4667249878,45.6510396,-73.5112385,3,,,POINT (-73.5112385 45.6510396)
4667249879,45.6510847,-73.5114487,3,,,POINT (-73.5114487 45.6510847)
4667249880,45.6505102,-73.5114221,3,,,POINT (-73.5114221 45.6505102)
4667249881,45.650545,-73.511635,3,,,POINT (-73.511635 45.650545)
4667249882,45.6491126,-73.5119067,3,,,POINT (-73.5119067 45.6491126)
4667249883,45.6491494,-73.5121166,3,,,POINT (-73.5121166 45.6491494)
4667249884,45.6485748,-73.5120932,3,,,POINT (-73.5120932 45.6485748)
4667249885,45.6486095,-73.512303,3,,,POINT (-73.512303 45.6486095)
4667249886,45.646536,-73.5128148,3,,,POINT (-73.5128148 45.646536)
4667249887,45.6465689,-73.5130078,3,,,POINT (-73.5130078 45.6465689)
4667249888,45.6461424,-73.5129647,3,,,POINT (-73.5129647 45.6461424)
4667250389,45.6461742,-73.5131445,3,,,POINT (-73.5131445 45.6461742)
4667250390,45.6449475,-73.5133789,3,,,POINT (-73.5133789 45.6449475)
4667250391,45.6449813,-73.5135612,3,,,POINT (-73.5135612 45.6449813)
4667250392,45.6444706,-73.5135321,3,,,POINT (-73.5135321 45.6444706)
4667250393,45.6445088,-73.5137273,3,,,POINT (-73.5137273 45.6445088)
4667250394,45.6427801,-73.5141177,3,,,POINT (-73.5141177 45.6427801)
4667250395,45.6428197,-73.5143042,3,,,POINT (-73.5143042 45.6428197)
4667313104,45.6593805,-73.5083795,3,,,POINT (-73.5083795 45.6593805)
4667313105,45.6594125,-73.5085813,3,,,POINT (-73.5085813 45.6594125)
4667313106,45.6568559,-73.509226,3,,,POINT (-73.509226 45.6568559)
4667313107,45.6569065,-73.509442,3,,,POINT (-73.509442 45.6569065)
4667313108,45.6562264,-73.5094415,3,,,POINT (-73.5094415 45.6562264)
4667313109,45.6562615,-73.5096624,3,,,POINT (-73.5096624 45.6562615)
4672297995,45.4690077,-73.6029221,3,,,POINT (-73.6029221 45.4690077)
4672298019,45.4691079,-73.6027921,3,,,POINT (-73.6027921 45.4691079)
4675051537,45.463429,-73.5816793,4,,,POINT (-73.5816793 45.463429)
4679019439,45.4692324,-73.5794513,3,62,motorway_junction,POINT (-73.5794513 45.4692324)
4680784069,45.4650751,-73.6051599,3,,motorway_junction,POINT (-73.6051599 45.4650751)
4685162782,45.4961539,-73.5676528,3,,,POINT (-73.5676528 45.4961539)
4686563252,45.495541,-73.7539896,3,,,POINT (-73.7539896 45.495541)
4686572457,45.5438808,-73.693581,2,,,POINT (-73.693581 45.5438808)
4690266555,45.4388165,-73.6634501,3,,,POINT (-73.6634501 45.4388165)
4690266558,45.4388725,-73.6628588,3,,,POINT (-73.6628588 45.4388725)
4690709706,45.5034688,-73.7569955,3,,,POINT (-73.7569955 45.5034688)
4690709714,45.5031105,-73.7571675,1,,crossing,POINT (-73.7571675 45.5031105)
4692821771,45.4690275,-73.5463471,1,,,POINT (-73.5463471 45.4690275)
4695165680,45.606834,-73.6192896,3,,,POINT (-73.6192896 45.606834)
4695165687,45.6063087,-73.6194589,3,,,POINT (-73.6194589 45.6063087)
4720599346,45.5939597,-73.5359855,3,,,POINT (-73.5359855 45.5939597)
4720599349,45.5936162,-73.5376146,3,,motorway_junction,POINT (-73.5376146 45.5936162)
4740528976,45.4719858,-73.6107851,3,,,POINT (-73.6107851 45.4719858)
4740528981,45.4711383,-73.6090079,3,,,POINT (-73.6090079 45.4711383)
4740528983,45.4713928,-73.6094216,4,,,POINT (-73.6094216 45.4713928)
4753144411,45.4338801,-73.6501026,3,,,POINT (-73.6501026 45.4338801)
4849317750,45.6260437,-73.6170166,3,,,POINT (-73.6170166 45.6260437)
4849318660,45.6259563,-73.6169177,3,,,POINT (-73.6169177 45.6259563)
4849372696,45.6155121,-73.6294182,3,,,POINT (-73.6294182 45.6155121)
4849372701,45.6154864,-73.6298387,3,,,POINT (-73.6298387 45.6154864)
4871947794,45.5478599,-73.5338524,3,,,POINT (-73.5338524 45.5478599)
4871947921,45.5475989,-73.5336034,3,,,POINT (-73.5336034 45.5475989)
4892732302,45.4704399,-73.6022321,3,,,POINT (-73.6022321 45.4704399)
4900415641,45.466347,-73.5967609,3,,,POINT (-73.5967609 45.466347)
4913020567,45.4713458,-73.5606799,4,,,POINT (-73.5606799 45.4713458)
4939253342,45.4636944,-73.5878542,3,,,POINT (-73.5878542 45.4636944)
4941326468,45.472315,-73.5997226,3,,,POINT (-73.5997226 45.472315)
4968658664,45.4582495,-73.6278432,3,,,POINT (-73.6278432 45.4582495)
4975529061,45.5102036,-73.5548716,3,,,POINT (-73.5548716 45.5102036)
5006062166,45.5940801,-73.5363876,4,,,POINT (-73.5363876 45.5940801)
5030744100,45.4668294,-73.5815205,4,,,POINT (-73.5815205 45.4668294)
5051745574,45.5150533,-73.5751081,4,287,,POINT (-73.5751081 45.5150533)
5051745576,45.5138089,-73.5761506,4,249,,POINT (-73.5761506 45.5138089)
5051749628,45.5258736,-73.5594225,4,573,,POINT (-73.5594225 45.5258736)
5051749631,45.5045425,-73.5819531,3,272,,POINT (-73.5819531 45.5045425)
5071727027,45.4624646,-73.611845,3,68,motorway_junction,POINT (-73.611845 45.4624646)
5071727074,45.4732498,-73.5973875,4,,,POINT (-73.5973875 45.4732498)
5098156688,45.4822488,-73.5851245,4,372,,POINT (-73.5851245 45.4822488)
5111721598,45.5475221,-73.543331,1,,,POINT (-73.543331 45.5475221)
5111789341,45.4677031,-73.5826325,3,,,POINT (-73.5826325 45.4677031)
5116303916,45.4388189,-73.6646122,3,,,POINT (-73.6646122 45.4388189)
5135728178,45.4402517,-73.6453964,3,,,POINT (-73.6453964 45.4402517)
5202263939,45.4906887,-73.5750986,3,4,motorway_junction,POINT (-73.5750986 45.4906887)
5226728457,45.4694269,-73.5459568,1,,,POINT (-73.5459568 45.4694269)
5230243171,45.4628036,-73.5625334,4,,,POINT (-73.5625334 45.4628036)
5247794858,45.5430855,-73.7025832,3,,,POINT (-73.7025832 45.5430855)
5268947589,45.4712745,-73.5605423,3,,,POINT (-73.5605423 45.4712745)
5276382390,45.4736256,-73.6114357,3,,,POINT (-73.6114357 45.4736256)
5281042258,45.507837,-73.6632336,4,,,POINT (-73.6632336 45.507837)
5291897414,45.4707331,-73.5488758,3,57-S,motorway_junction,POINT (-73.5488758 45.4707331)
5291908823,45.4717851,-73.5414125,1,,,POINT (-73.5414125 45.4717851)
5293570946,45.5433303,-73.7032441,1,,,POINT (-73.7032441 45.5433303)
5293570948,45.5434866,-73.7030537,1,,,POINT (-73.7030537 45.5434866)
5293570960,45.5407053,-73.6958204,5,,,POINT (-73.6958204 45.5407053)
5296584812,45.4689443,-73.5840589,3,,,POINT (-73.5840589 45.4689443)
5298631366,45.574431,-73.5956776,3,,,POINT (-73.5956776 45.574431)
5303630347,45.4732881,-73.5971495,4,,,POINT (-73.5971495 45.4732881)
5306548739,45.5379415,-73.6993843,3,,,POINT (-73.6993843 45.5379415)
5308861798,45.4907681,-73.6832345,3,,,POINT (-73.6832345 45.4907681)
5351302365,45.4688769,-73.6027144,4,,,POINT (-73.6027144 45.4688769)
5351302366,45.4689796,-73.6025897,4,,,POINT (-73.6025897 45.4689796)
5355696615,45.4395215,-73.6987397,3,,,POINT (-73.6987397 45.4395215)
5359473342,45.4389005,-73.6641859,3,,,POINT (-73.6641859 45.4389005)
5359473349,45.4387283,-73.665034,3,,,POINT (-73.665034 45.4387283)
5409926535,45.5412594,-73.5739435,2,,,POINT (-73.5739435 45.5412594)
5409969553,45.5372325,-73.5409811,2,,,POINT (-73.5409811 45.5372325)
5409969554,45.53535,-73.5419682,2,,,POINT (-73.5419682 45.53535)
5412346690,45.5631411,-73.5414883,3,,,POINT (-73.5414883 45.5631411)
5412346691,45.5631735,-73.5416041,3,,,POINT (-73.5416041 45.5631735)
5413741435,45.5158219,-73.5939384,2,,,POINT (-73.5939384 45.5158219)
5413864604,45.5213805,-73.5497148,5,,,POINT (-73.5497148 45.5213805)
5413864605,45.5214435,-73.5498762,4,,,POINT (-73.5498762 45.5214435)
5413935310,45.4289941,-73.6088816,3,,,POINT (-73.6088816 45.4289941)
5413935822,45.4277968,-73.6107916,3,,,POINT (-73.6107916 45.4277968)
5413953143,45.6501284,-73.5779798,3,,,POINT (-73.5779798 45.6501284)
5413953144,45.6502031,-73.5781375,3,,,POINT (-73.5781375 45.6502031)
5414068680,45.4912828,-73.5880513,4,,,POINT (-73.5880513 45.4912828)
5414068682,45.4912996,-73.5878509,4,,,POINT (-73.5878509 45.4912996)
5414068683,45.4913398,-73.5879747,4,,,POINT (-73.5879747 45.4913398)
5414142185,45.4772561,-73.5848886,2,,,POINT (-73.5848886 45.4772561)
5414208808,45.4868738,-73.5574124,2,,,POINT (-73.5574124 45.4868738)
5414208811,45.487318,-73.5573326,4,449,,POINT (-73.5573326 45.487318)
5415829812,45.511346,-73.6159805,2,,,POINT (-73.6159805 45.511346)
5416283756,45.4986804,-73.6274941,4,,,POINT (-73.6274941 45.4986804)
5416283760,45.4989863,-73.6271327,3,,,POINT (-73.6271327 45.4989863)
5416283762,45.4986322,-73.6274068,4,,,POINT (-73.6274068 45.4986322)
5416503443,45.4889178,-73.55732,3,,,POINT (-73.55732 45.4889178)
5417314866,45.4498161,-73.6317921,4,,,POINT (-73.6317921 45.4498161)
5417314867,45.4496669,-73.6318543,3,,,POINT (-73.6318543 45.4496669)
5417314868,45.449717,-73.6317149,3,,,POINT (-73.6317149 45.449717)
5422390981,45.525946,-73.6106481,2,,,POINT (-73.6106481 45.525946)
5422390982,45.5266605,-73.6122753,2,,,POINT (-73.6122753 45.5266605)
5422441477,45.5110157,-73.5769203,3,,,POINT (-73.5769203 45.5110157)
5422502554,45.4762843,-73.5762989,2,,,POINT (-73.5762989 45.4762843)
5422502557,45.4755786,-73.5768265,2,,,POINT (-73.5768265 45.4755786)
5427619728,45.4463687,-73.6409289,3,63,motorway_junction,POINT (-73.6409289 45.4463687)
5430442455,45.4706299,-73.6039015,3,,,POINT (-73.6039015 45.4706299)
5499779803,45.4651763,-73.594316,3,63,motorway_junction,POINT (-73.594316 45.4651763)
5580840649,45.431148,-73.6653114,3,,,POINT (-73.6653114 45.431148)
5580840652,45.4312406,-73.6659259,1,,,POINT (-73.6659259 45.4312406)
5641814703,45.471303,-73.551952,3,60,motorway_junction,POINT (-73.551952 45.471303)
5698002243,45.5531383,-73.6240083,3,,,POINT (-73.6240083 45.5531383)
5757274606,45.5311999,-73.7257253,3,,,POINT (-73.7257253 45.5311999)
5838823168,45.4901122,-73.740031,3,,motorway_junction,POINT (-73.740031 45.4901122)
5851503361,45.5526617,-73.554742,3,,,POINT (-73.554742 45.5526617)
5888044877,45.4750137,-73.5729564,4,,,POINT (-73.5729564 45.4750137)
5953219789,45.5942132,-73.5401987,3,245,,POINT (-73.5401987 45.5942132)
5989573750,45.5091221,-73.6624013,3,,,POINT (-73.6624013 45.5091221)
6050265324,45.4945744,-73.6810558,3,,,POINT (-73.6810558 45.4945744)
6113227823,45.4722857,-73.5973501,3,,motorway_junction,POINT (-73.5973501 45.4722857)
6119440410,45.5258937,-73.7147636,3,,,POINT (-73.7147636 45.5258937)
6126661470,45.4537338,-73.6274196,4,,,POINT (-73.6274196 45.4537338)
6128605259,45.469724,-73.6032891,3,63-O,motorway_junction,POINT (-73.6032891 45.469724)
6157562108,45.4418304,-73.7083032,2,,,POINT (-73.7083032 45.4418304)
6157659083,45.4385934,-73.6645459,3,,,POINT (-73.6645459 45.4385934)
6160129067,45.4618804,-73.6088006,3,,,POINT (-73.6088006 45.4618804)
6160129071,45.4633397,-73.6071142,4,,,POINT (-73.6071142 45.4633397)
6160129075,45.463392,-73.6072954,3,,,POINT (-73.6072954 45.463392)
6162103795,45.4574953,-73.6167266,3,,,POINT (-73.6167266 45.4574953)
6205694757,45.4737207,-73.5725477,4,,,POINT (-73.5725477 45.4737207)
6249945837,45.4645252,-73.581039,3,,motorway_junction,POINT (-73.581039 45.4645252)
6269832259,45.4543101,-73.6282099,3,,,POINT (-73.6282099 45.4543101)
6286909500,45.4514349,-73.6283323,3,,,POINT (-73.6283323 45.4514349)
6292574839,45.5958514,-73.6426586,4,,,POINT (-73.6426586 45.5958514)
6323361001,45.4652882,-73.5955298,3,,,POINT (-73.5955298 45.4652882)
6323361004,45.465695,-73.5964094,3,,,POINT (-73.5964094 45.465695)
6366003259,45.4731095,-73.5560373,4,,,POINT (-73.5560373 45.4731095)
6376589291,45.6542693,-73.5224086,3,,,POINT (-73.5224086 45.6542693)
6456826803,45.4521121,-73.6252737,4,,,POINT (-73.6252737 45.4521121)
6502651861,45.4731937,-73.5562642,3,,,POINT (-73.5562642 45.4731937)
6549751113,45.4543624,-73.6281229,3,,,POINT (-73.6281229 45.4543624)
6585978384,45.4865389,-73.5382801,1,,,POINT (-73.5382801 45.4865389)
6587233884,45.4736037,-73.5725028,4,,,POINT (-73.5725028 45.4736037)
6587259185,45.4736244,-73.5723909,3,,,POINT (-73.5723909 45.4736244)
6604194865,45.5925604,-73.5345598,3,,motorway_junction,POINT (-73.5345598 45.5925604)
6624759094,45.4952075,-73.5888965,3,,,POINT (-73.5888965 45.4952075)
6645916276,45.4901162,-73.5494391,3,,,POINT (-73.5494391 45.4901162)
6713035982,45.488029,-73.5396176,3,2,motorway_junction,POINT (-73.5396176 45.488029)
6713056296,45.4891679,-73.5424223,1,,,POINT (-73.5424223 45.4891679)
6713072969,45.4892452,-73.5463419,1,,,POINT (-73.5463419 45.4892452)
6718629090,45.4731962,-73.5971891,4,,,POINT (-73.5971891 45.4731962)
6721030573,45.5068767,-73.5572769,3,,,POINT (-73.5572769 45.5068767)
6762244566,45.4737419,-73.5724185,3,,,POINT (-73.5724185 45.4737419)
6808179901,45.4743873,-73.5681097,3,61,motorway_junction,POINT (-73.5681097 45.4743873)
6827985278,45.4497666,-73.6319254,4,,,POINT (-73.6319254 45.4497666)
6828058686,45.4515429,-73.6284821,4,,,POINT (-73.6284821 45.4515429)
6836090469,45.4452975,-73.641941,3,,,POINT (-73.641941 45.4452975)
6855873367,45.4537844,-73.6273307,4,,,POINT (-73.6273307 45.4537844)
6871153039,45.4749394,-73.5732005,4,,,POINT (-73.5732005 45.4749394)
6939390786,45.4545141,-73.6224066,4,,,POINT (-73.6224066 45.4545141)
7006322828,45.4510587,-73.6330499,4,,,POINT (-73.6330499 45.4510587)
7280816105,45.4733411,-73.5973424,4,,,POINT (-73.5973424 45.4733411)
7412747127,45.4859166,-73.6909712,3,,,POINT (-73.6909712 45.4859166)
7467567024,45.4841493,-73.5378607,3,,,POINT (-73.5378607 45.4841493)
7724564496,45.5531273,-73.5547669,4,,,POINT (-73.5547669 45.5531273)
7943620274,45.4658002,-73.5811437,4,,,POINT (-73.5811437 45.4658002)
7975077097,45.5697066,-73.6000426,4,,,POINT (-73.6000426 45.5697066)
8138222335,45.5038274,-73.7566193,3,,,POINT (-73.7566193 45.5038274)
8151510415,45.4443373,-73.6451138,3,,,POINT (-73.6451138 45.4443373)
8151511518,45.4451292,-73.6435239,1,,,POINT (-73.6435239 45.4451292)
8281251599,45.488578,-73.7113241,3,,,POINT (-73.7113241 45.488578)
8422675482,45.4509821,-73.6290829,3,,,POINT (-73.6290829 45.4509821)
8485269584,45.4473107,-73.6744773,3,61,motorway_junction,POINT (-73.6744773 45.4473107)
8503228747,45.5771579,-73.5963871,3,,,POINT (-73.5963871 45.5771579)
8503242865,45.5292948,-73.6836956,1,,,POINT (-73.6836956 45.5292948)
8553307646,45.5994992,-73.5688332,3,,,POINT (-73.5688332 45.5994992)
8604332294,45.4906455,-73.7484716,3,60,motorway_junction,POINT (-73.7484716 45.4906455)
8604345179,45.49071,-73.7512262,3,,,POINT (-73.7512262 45.49071)
8604345218,45.4897986,-73.7269352,3,60,motorway_junction,POINT (-73.7269352 45.4897986)
8604345226,45.4905285,-73.7316415,3,,motorway_junction,POINT (-73.7316415 45.4905285)
8604345229,45.4895495,-73.7228069,3,,,POINT (-73.7228069 45.4895495)
8604370228,45.4899343,-73.7409715,3,,,POINT (-73.7409715 45.4899343)
8604370246,45.4898373,-73.7396767,3,,motorway_junction,POINT (-73.7396767 45.4898373)
8604370281,45.4899266,-73.7354235,3,,,POINT (-73.7354235 45.4899266)
8604370283,45.4898486,-73.7340201,3,,motorway_junction,POINT (-73.7340201 45.4898486)
8604370306,45.4888476,-73.7168982,3,,,POINT (-73.7168982 45.4888476)
8604370337,45.4889052,-73.7097907,3,64,motorway_junction,POINT (-73.7097907 45.4889052)
8604402231,45.4894708,-73.7086828,3,,,POINT (-73.7086828 45.4894708)
8604402243,45.4924525,-73.6979473,3,,,POINT (-73.6979473 45.4924525)
8604420505,45.491109,-73.7426911,3,,,POINT (-73.7426911 45.491109)
8604420525,45.4904689,-73.7346354,3,,,POINT (-73.7346354 45.4904689)
8604420534,45.4906683,-73.73848,3,,motorway_junction,POINT (-73.73848 45.4906683)
8604420559,45.4893893,-73.7344852,3,,,POINT (-73.7344852 45.4893893)
8604420564,45.4914188,-73.7383089,3,,,POINT (-73.7383089 45.4914188)
8606451357,45.4900507,-73.7647566,3,,,POINT (-73.7647566 45.4900507)
8606451432,45.4911593,-73.7593819,3,,,POINT (-73.7593819 45.4911593)
8606451509,45.4874609,-73.7668277,1,,,POINT (-73.7668277 45.4874609)
8606451579,45.488254,-73.7659265,3,,,POINT (-73.7659265 45.488254)
8606719536,45.4925833,-73.7576606,3,,,POINT (-73.7576606 45.4925833)
8606719861,45.4884544,-73.7626791,3,,,POINT (-73.7626791 45.4884544)
8610934333,45.4719938,-73.5549868,3,,,POINT (-73.5549868 45.4719938)
8610934432,45.4722309,-73.5621694,3,,,POINT (-73.5621694 45.4722309)
8611057234,45.4748519,-73.5712477,3,,,POINT (-73.5712477 45.4748519)
8611057267,45.4727942,-73.5643916,3,60,motorway_junction,POINT (-73.5643916 45.4727942)
8611220988,45.4710007,-73.552773,3,,,POINT (-73.552773 45.4710007)
8611229419,45.4704331,-73.5451115,3,57-N,motorway_junction,POINT (-73.5451115 45.4704331)
8611229454,45.4706918,-73.5390407,3,,motorway_junction,POINT (-73.5390407 45.4706918)
8611229543,45.471962,-73.5432649,3,,,POINT (-73.5432649 45.471962)
8611229553,45.4710153,-73.5408863,3,,,POINT (-73.5408863 45.4710153)
8613157821,45.4893523,-73.7265328,3,,,POINT (-73.7265328 45.4893523)
8613293334,45.4967346,-73.7468278,3,,,POINT (-73.7468278 45.4967346)
8613660790,45.4946867,-73.7434798,3,6,motorway_junction,POINT (-73.7434798 45.4946867)
8615977618,45.4782639,-73.7142156,3,,,POINT (-73.7142156 45.4782639)
8615977621,45.4781772,-73.7143819,3,3-O,motorway_junction,POINT (-73.7143819 45.4781772)
8616393607,45.5030857,-73.7566098,3,,,POINT (-73.7566098 45.5030857)
8616394143,45.5036887,-73.7571882,3,,,POINT (-73.7571882 45.5036887)
8616394173,45.503614,-73.7564075,4,,,POINT (-73.7564075 45.503614)
8616394176,45.5036851,-73.7563781,1,,,POINT (-73.7563781 45.5036851)
8618066766,45.4901177,-73.727662,3,,,POINT (-73.727662 45.4901177)
8618142999,45.489164,-73.7128608,3,,,POINT (-73.7128608 45.489164)
8618143010,45.489747,-73.7150812,3,,,POINT (-73.7150812 45.489747)
8619271086,45.4890968,-73.7137193,3,,,POINT (-73.7137193 45.4890968)
8619276546,45.487724,-73.7159714,1,,,POINT (-73.7159714 45.487724)
8619293734,45.4886091,-73.7125112,3,,,POINT (-73.7125112 45.4886091)
8621806124,45.4899806,-73.7042849,3,,,POINT (-73.7042849 45.4899806)
8621966393,45.4945742,-73.6914067,3,,,POINT (-73.6914067 45.4945742)
8621966557,45.493842,-73.6978281,3,,,POINT (-73.6978281 45.493842)
8621966581,45.4954752,-73.6993383,3,,,POINT (-73.6993383 45.4954752)
8621966587,45.4932284,-73.6968761,3,,,POINT (-73.6968761 45.4932284)
8621966651,45.492558,-73.6955101,3,,,POINT (-73.6955101 45.492558)
8621966657,45.4919449,-73.6945398,3,,,POINT (-73.6945398 45.4919449)
8622075561,45.4975202,-73.6736379,3,65,motorway_junction,POINT (-73.6736379 45.4975202)
8622075612,45.4968473,-73.6747271,3,,,POINT (-73.6747271 45.4968473)
8629204060,45.4842102,-73.6939582,3,,,POINT (-73.6939582 45.4842102)
8629204080,45.4900138,-73.6850117,3,,,POINT (-73.6850117 45.4900138)
8629797570,45.4989947,-73.7008838,3,,,POINT (-73.7008838 45.4989947)
8630521060,45.5030995,-73.6692894,3,,,POINT (-73.6692894 45.5030995)
8632051656,45.5064691,-73.6644602,3,,motorway_junction,POINT (-73.6644602 45.5064691)
8632051681,45.5018919,-73.6684112,3,,,POINT (-73.6684112 45.5018919)
8632051920,45.5034162,-73.6748806,3,,,POINT (-73.6748806 45.5034162)
8632506924,45.5037345,-73.6672705,3,,motorway_junction,POINT (-73.6672705 45.5037345)
8633478623,45.4994921,-73.6613975,3,,,POINT (-73.6613975 45.4994921)
8633478628,45.4984728,-73.6597972,3,69,motorway_junction,POINT (-73.6597972 45.4984728)
8633727350,45.4732438,-73.6109669,3,64-A,motorway_junction,POINT (-73.6109669 45.4732438)
8633734430,45.4729805,-73.6104112,3,63-E,motorway_junction,POINT (-73.6104112 45.4729805)
8635393118,45.4715181,-73.6064408,3,64,motorway_junction,POINT (-73.6064408 45.4715181)
8635393184,45.4715711,-73.6069915,3,,,POINT (-73.6069915 45.4715711)
8636183318,45.4709324,-73.6013379,3,,,POINT (-73.6013379 45.4709324)
8636183334,45.4728461,-73.6056573,4,,,POINT (-73.6056573 45.4728461)
8636183335,45.4729146,-73.6056074,4,,,POINT (-73.6056074 45.4729146)
8636183336,45.4729706,-73.6055668,3,,crossing,POINT (-73.6055668 45.4729706)
8636183337,45.4729275,-73.6056657,4,,,POINT (-73.6056657 45.4729275)
8636183338,45.4729674,-73.6058589,3,,,POINT (-73.6058589 45.4729674)
8636250184,45.4714685,-73.6097788,3,,,POINT (-73.6097788 45.4714685)
8636450748,45.4700387,-73.541512,3,,,POINT (-73.541512 45.4700387)
8636468026,45.4716506,-73.5444022,1,,,POINT (-73.5444022 45.4716506)
8636468075,45.4736696,-73.5423943,3,,,POINT (-73.5423943 45.4736696)
8636827756,45.4735229,-73.5551148,3,,,POINT (-73.5551148 45.4735229)
8637711355,45.4815882,-73.5385938,3,,,POINT (-73.5385938 45.4815882)
8637711359,45.4798128,-73.5393983,3,4,motorway_junction,POINT (-73.5393983 45.4798128)
8637711371,45.4772087,-73.5415652,3,,,POINT (-73.5415652 45.4772087)
8637711383,45.4787885,-73.5403008,1,,,POINT (-73.5403008 45.4787885)
8639103674,45.4761271,-73.5740354,3,,,POINT (-73.5740354 45.4761271)
8639822961,45.4724855,-73.5766852,3,,,POINT (-73.5766852 45.4724855)
8639835051,45.4691258,-73.5792608,3,,,POINT (-73.5792608 45.4691258)
8639835057,45.4723416,-73.5765457,3,61,motorway_junction,POINT (-73.5765457 45.4723416)
8639951219,45.4760988,-73.5741656,3,,,POINT (-73.5741656 45.4760988)
8640253470,45.4647606,-73.5872774,3,62,motorway_junction,POINT (-73.5872774 45.4647606)
8640268285,45.4637862,-73.5811214,3,,,POINT (-73.5811214 45.4637862)
8640521372,45.4618657,-73.5793975,3,,,POINT (-73.5793975 45.4618657)
8640521401,45.462463,-73.5798422,3,,crossing,POINT (-73.5798422 45.462463)
8644835169,45.4729723,-73.5968247,3,1-N,motorway_junction,POINT (-73.5968247 45.4729723)
8645027989,45.4639461,-73.609468,3,,,POINT (-73.609468 45.4639461)
8645028001,45.4628021,-73.6122298,3,,,POINT (-73.6122298 45.4628021)
8645038432,45.4504517,-73.6327768,3,65,motorway_junction,POINT (-73.6327768 45.4504517)
8645038456,45.4583187,-73.6217841,3,65,motorway_junction,POINT (-73.6217841 45.4583187)
8645038473,45.4585467,-73.6207182,3,,,POINT (-73.6207182 45.4585467)
8645038504,45.4545148,-73.6262357,3,,,POINT (-73.6262357 45.4545148)
8645038525,45.4553344,-73.6267359,3,,,POINT (-73.6267359 45.4553344)
8645128937,45.4723975,-73.5965417,3,,,POINT (-73.5965417 45.4723975)
8645166014,45.4730778,-73.5984237,3,,,POINT (-73.5984237 45.4730778)
8645206922,45.4733701,-73.597939,3,,,POINT (-73.597939 45.4733701)
8645206931,45.4737905,-73.597157,3,,,POINT (-73.597157 45.4737905)
8645206969,45.4755794,-73.5958251,3,,motorway_junction,POINT (-73.5958251 45.4755794)
8645535517,45.4754683,-73.5933852,3,,,POINT (-73.5933852 45.4754683)
8645535520,45.4752124,-73.5932875,4,,,POINT (-73.5932875 45.4752124)
8645540464,45.4715551,-73.5931736,3,,crossing,POINT (-73.5931736 45.4715551)
8647247577,45.4732606,-73.6100537,3,,,POINT (-73.6100537 45.4732606)
8647253746,45.4749312,-73.6143102,3,,,POINT (-73.6143102 45.4749312)
8647304306,45.4775878,-73.6190527,3,,,POINT (-73.6190527 45.4775878)
8647314731,45.4800498,-73.621824,3,,,POINT (-73.621824 45.4800498)
8647314762,45.4775635,-73.618765,3,66,motorway_junction,POINT (-73.618765 45.4775635)
8647314792,45.4805456,-73.6217659,3,,,POINT (-73.6217659 45.4805456)
8647557292,45.492309,-73.6485236,3,69,motorway_junction,POINT (-73.6485236 45.492309)
8647597863,45.4935141,-73.6522681,3,,,POINT (-73.6522681 45.4935141)
8649142332,45.4817592,-73.6216071,3,,,POINT (-73.6216071 45.4817592)
8650973501,45.4789516,-73.6261236,3,,,POINT (-73.6261236 45.4789516)
8651377828,45.485746,-73.6344647,3,,crossing,POINT (-73.6344647 45.485746)
8652685220,45.4939938,-73.6531303,3,,,POINT (-73.6531303 45.4939938)
8652980822,45.4962011,-73.6554519,3,,crossing,POINT (-73.6554519 45.4962011)
8653708720,45.5137249,-73.6594863,3,,,POINT (-73.6594863 45.5137249)
8655595519,45.5232487,-73.6530721,3,,,POINT (-73.6530721 45.5232487)
8655595546,45.5230651,-73.6530033,3,70,motorway_junction,POINT (-73.6530033 45.5230651)
8658774766,45.5240596,-73.6529543,3,,,POINT (-73.6529543 45.5240596)
8658774821,45.5303855,-73.649048,3,70,motorway_junction,POINT (-73.649048 45.5303855)
8658774834,45.5300707,-73.6490491,3,,,POINT (-73.6490491 45.5300707)
8658774867,45.5271311,-73.651148,3,,motorway_junction,POINT (-73.651148 45.5271311)
8658774945,45.5294241,-73.6491412,3,,,POINT (-73.6491412 45.5294241)
8658986905,45.528411,-73.6524529,3,,,POINT (-73.6524529 45.528411)
8658986913,45.5288012,-73.6512834,3,,,POINT (-73.6512834 45.5288012)
8658993024,45.5290694,-73.652564,3,,,POINT (-73.652564 45.5290694)
8658993043,45.5293101,-73.6526922,1,,,POINT (-73.6526922 45.5293101)
8658993149,45.5311419,-73.6499384,3,,crossing,POINT (-73.6499384 45.5311419)
8658993191,45.5315751,-73.6492073,3,,,POINT (-73.6492073 45.5315751)
8658993387,45.5306607,-73.6496194,3,,,POINT (-73.6496194 45.5306607)
8659360553,45.5283024,-73.6562308,3,,,POINT (-73.6562308 45.5283024)
8659511604,45.5310361,-73.6476609,3,,,POINT (-73.6476609 45.5310361)
8659511617,45.5315261,-73.6506116,3,,,POINT (-73.6506116 45.5315261)
8659539947,45.5278448,-73.6502364,3,,motorway_junction,POINT (-73.6502364 45.5278448)
8659540026,45.52918,-73.6506963,3,,,POINT (-73.6506963 45.52918)
8659765239,45.5322813,-73.6693727,3,,motorway_junction,POINT (-73.6693727 45.5322813)
8660517195,45.5327133,-73.6730338,3,,,POINT (-73.6730338 45.5327133)
8660527178,45.5337878,-73.6758353,3,,,POINT (-73.6758353 45.5337878)
8660527188,45.5323366,-73.6772198,3,,,POINT (-73.6772198 45.5323366)
8660527205,45.5304087,-73.6857547,3,,,POINT (-73.6857547 45.5304087)
8660551663,45.5374774,-73.7057943,3,,,POINT (-73.7057943 45.5374774)
8660645510,45.5370102,-73.7044237,3,4-O,motorway_junction,POINT (-73.7044237 45.5370102)
8660679528,45.5352907,-73.7033395,3,,,POINT (-73.7033395 45.5352907)
8660702634,45.530152,-73.6862707,3,3,motorway_junction,POINT (-73.6862707 45.530152)
8660702653,45.5317677,-73.6788072,3,,,POINT (-73.6788072 45.5317677)
8660702733,45.5301441,-73.6834776,3,,,POINT (-73.6834776 45.5301441)
8660726836,45.528658,-73.6683816,1,,,POINT (-73.6683816 45.528658)
8660735745,45.5339374,-73.6801191,3,,,POINT (-73.6801191 45.5339374)
8660735756,45.5340698,-73.6800751,3,,,POINT (-73.6800751 45.5340698)
8660735784,45.5349038,-73.6806347,3,,,POINT (-73.6806347 45.5349038)
8660735807,45.5346973,-73.6816214,3,,,POINT (-73.6816214 45.5346973)
8660735813,45.5348001,-73.6804612,3,,,POINT (-73.6804612 45.5348001)
8660735837,45.5336412,-73.6811833,3,,,POINT (-73.6811833 45.5336412)
8660753697,45.5302026,-73.6681432,3,,,POINT (-73.6681432 45.5302026)
8660754069,45.5284956,-73.6690369,3,,,POINT (-73.6690369 45.5284956)
8746834268,45.4473535,-73.6846695,3,,,POINT (-73.6846695 45.4473535)
8746834282,45.4479821,-73.6897021,3,,motorway_junction,POINT (-73.6897021 45.4479821)
8746834287,45.4474406,-73.6883241,3,,,POINT (-73.6883241 45.4474406)
8746884158,45.4454923,-73.693361,3,,,POINT (-73.693361 45.4454923)
8746884197,45.4477334,-73.6957718,3,,,POINT (-73.6957718 45.4477334)
8746884225,45.4474998,-73.6842452,3,60,motorway_junction,POINT (-73.6842452 45.4474998)
8750179515,45.4443706,-73.7204783,2,,crossing,POINT (-73.7204783 45.4443706)
8755699383,45.4462938,-73.6685695,3,62,motorway_junction,POINT (-73.6685695 45.4462938)
8755699390,45.4466442,-73.6691266,3,,,POINT (-73.6691266 45.4466442)
8756253308,45.4421996,-73.6506287,4,,,POINT (-73.6506287 45.4421996)
8756253321,45.4425549,-73.6563439,3,,,POINT (-73.6563439 45.4425549)
8756253348,45.4429909,-73.6592449,3,63,motorway_junction,POINT (-73.6592449 45.4429909)
8756253369,45.4444625,-73.6643138,3,,motorway_junction,POINT (-73.6643138 45.4444625)
8756271584,45.442661,-73.6575562,3,,,POINT (-73.6575562 45.442661)
8756271598,45.4424127,-73.6538186,3,,motorway_junction,POINT (-73.6538186 45.4424127)
8756271603,45.4423861,-73.6576485,3,,,POINT (-73.6576485 45.4423861)
8758861421,45.4515677,-73.6317274,3,,,POINT (-73.6317274 45.4515677)
8759009737,45.4512842,-73.6334865,3,,,POINT (-73.6334865 45.4512842)
8759090949,45.4519812,-73.6300799,3,,,POINT (-73.6300799 45.4519812)
8759090962,45.4525178,-73.629293,3,,,POINT (-73.629293 45.4525178)
8761217444,45.4497955,-73.622227,3,,,POINT (-73.622227 45.4497955)
8761217456,45.4502491,-73.6221196,3,,,POINT (-73.6221196 45.4502491)
8761218030,45.4495642,-73.6196998,3,,,POINT (-73.6196998 45.4495642)
8762084798,45.4657083,-73.6965421,3,2,motorway_junction,POINT (-73.6965421 45.4657083)
8762156000,45.4700149,-73.7021684,3,3-E,motorway_junction,POINT (-73.7021684 45.4700149)
8762209332,45.4725336,-73.7088821,3,,,POINT (-73.7088821 45.4725336)
8762698429,45.4735312,-73.7075746,3,,,POINT (-73.7075746 45.4735312)
8762818286,45.481112,-73.6978514,3,4,motorway_junction,POINT (-73.6978514 45.481112)
8762872440,45.4643965,-73.7199374,3,,,POINT (-73.7199374 45.4643965)
8762953740,45.4622482,-73.7226384,3,,,POINT (-73.7226384 45.4622482)
8762953770,45.463499,-73.7209133,3,,,POINT (-73.7209133 45.463499)
8785254693,45.5461171,-73.6396114,3,,,POINT (-73.6396114 45.5461171)
8872102926,45.6241525,-73.6057455,3,,,POINT (-73.6057455 45.6241525)
8875269601,45.6163215,-73.5975214,3,,,POINT (-73.5975214 45.6163215)
8875271136,45.6195256,-73.6014719,3,,,POINT (-73.6014719 45.6195256)
8875457877,45.6221981,-73.6031556,3,,,POINT (-73.6031556 45.6221981)
8875457885,45.6230523,-73.6032065,1,,,POINT (-73.6032065 45.6230523)
8875463624,45.6170941,-73.5975924,3,,,POINT (-73.5975924 45.6170941)
8875463745,45.6154767,-73.5940173,3,,,POINT (-73.5940173 45.6154767)
8875463943,45.6143235,-73.5903179,3,,,POINT (-73.5903179 45.6143235)
8875464006,45.6154626,-73.5957297,3,,,POINT (-73.5957297 45.6154626)
8875464009,45.6157004,-73.5962895,3,,,POINT (-73.5962895 45.6157004)
8875477654,45.6149774,-73.5968943,3,,,POINT (-73.5968943 45.6149774)
8878372205,45.5989127,-73.575296,1,,,POINT (-73.575296 45.5989127)
8878542047,45.6119469,-73.5851958,3,,,POINT (-73.5851958 45.6119469)
8878569473,45.6105984,-73.5796216,3,10,motorway_junction,POINT (-73.5796216 45.6105984)
8878569559,45.6124038,-73.5844134,3,,,POINT (-73.5844134 45.6124038)
8879963468,45.6088394,-73.5749075,3,,,POINT (-73.5749075 45.6088394)
8879963481,45.6077919,-73.5719077,3,,,POINT (-73.5719077 45.6077919)
8879963501,45.6091613,-73.5753195,3,9,motorway_junction,POINT (-73.5753195 45.6091613)
8880659863,45.6075493,-73.5644644,3,80-N,motorway_junction,POINT (-73.5644644 45.6075493)
8880659888,45.6024619,-73.5688496,3,,,POINT (-73.5688496 45.6024619)
8880659924,45.6067802,-73.5702621,3,8-O,motorway_junction,POINT (-73.5702621 45.6067802)
8880694969,45.6068655,-73.5669169,3,,,POINT (-73.5669169 45.6068655)
8880731482,45.6029599,-73.5626232,3,,,POINT (-73.5626232 45.6029599)
8880748694,45.6068484,-73.5695054,3,,,POINT (-73.5695054 45.6068484)
8880748700,45.6060751,-73.5692966,3,8-E,motorway_junction,POINT (-73.5692966 45.6060751)
8881120342,45.6067883,-73.5644608,3,,,POINT (-73.5644608 45.6067883)
8881120358,45.6073191,-73.5640707,3,,,POINT (-73.5640707 45.6073191)
8881168673,45.603556,-73.5626995,3,8-E,motorway_junction,POINT (-73.5626995 45.603556)
8881168704,45.6022055,-73.5602267,3,8-O,motorway_junction,POINT (-73.5602267 45.6022055)
8881168705,45.6005124,-73.5563647,3,,,POINT (-73.5563647 45.6005124)
8881168706,45.6024543,-73.5611998,3,,,POINT (-73.5611998 45.6024543)
8881181020,45.6024872,-73.5618277,3,,,POINT (-73.5618277 45.6024872)
8881379189,45.6025397,-73.5681612,3,80-N,motorway_junction,POINT (-73.5681612 45.6025397)
8881379211,45.6033103,-73.5618629,3,,,POINT (-73.5618629 45.6033103)
8881399023,45.6025272,-73.5673816,3,,,POINT (-73.5673816 45.6025272)
8881462340,45.605513,-73.5640444,3,,,POINT (-73.5640444 45.605513)
8883545437,45.5989095,-73.5712343,3,,,POINT (-73.5712343 45.5989095)
8883545460,45.5971463,-73.570584,3,,crossing,POINT (-73.570584 45.5971463)
8883627626,45.5972753,-73.5490843,3,7,motorway_junction,POINT (-73.5490843 45.5972753)
8883714186,45.5943381,-73.5431593,3,,,POINT (-73.5431593 45.5943381)
8886343205,45.5932019,-73.5382187,3,,,POINT (-73.5382187 45.5932019)
8886370378,45.5926339,-73.5349488,3,,,POINT (-73.5349488 45.5926339)
8886370390,45.5920942,-73.5312854,3,,,POINT (-73.5312854 45.5920942)
8886373513,45.5930796,-73.5347665,3,,,POINT (-73.5347665 45.5930796)
8887390358,45.5908021,-73.5274911,3,4,motorway_junction,POINT (-73.5274911 45.5908021)
8887390470,45.5906777,-73.5256604,4,,,POINT (-73.5256604 45.5906777)
8887390474,45.5907937,-73.5257268,5,,,POINT (-73.5257268 45.5907937)
8887390483,45.5889396,-73.5265629,3,,,POINT (-73.5265629 45.5889396)
8887390492,45.58949,-73.5267226,3,,motorway_junction,POINT (-73.5267226 45.58949)
8887390510,45.5892151,-73.5264956,4,,,POINT (-73.5264956 45.5892151)
8887533561,45.5899675,-73.5235065,3,,,POINT (-73.5235065 45.5899675)
8888335276,45.589169,-73.5204718,3,,,POINT (-73.5204718 45.589169)
8888388318,45.5881541,-73.5176032,3,,,POINT (-73.5176032 45.5881541)
8890411316,45.6159428,-73.5568084,3,,,POINT (-73.5568084 45.6159428)
8891037250,45.652018,-73.5252436,3,,,POINT (-73.5252436 45.652018)
8891037257,45.6503683,-73.5263833,3,,,POINT (-73.5263833 45.6503683)
8891037274,45.6560664,-73.5211326,3,,,POINT (-73.5211326 45.6560664)
8891081678,45.6927546,-73.5101547,3,92,motorway_junction,POINT (-73.5101547 45.6927546)
8891081688,45.6938423,-73.5099563,3,,,POINT (-73.5099563 45.6938423)
8891093461,45.6986083,-73.5087997,1,,,POINT (-73.5087997 45.6986083)
8891331165,45.6579339,-73.5208343,3,,,POINT (-73.5208343 45.6579339)
8891331197,45.6505693,-73.5265178,3,,,POINT (-73.5265178 45.6505693)
8891331240,45.6604991,-73.5197518,3,,,POINT (-73.5197518 45.6604991)
8891331273,45.6597551,-73.5197555,3,,,POINT (-73.5197555 45.6597551)
8891331289,45.6611921,-73.5157906,3,,,POINT (-73.5157906 45.6611921)
8891358171,45.6659341,-73.5180264,3,40,motorway_junction,POINT (-73.5180264 45.6659341)
8892226321,45.6590593,-73.5192981,3,,,POINT (-73.5192981 45.6590593)
8892226337,45.6576777,-73.5193695,3,,,POINT (-73.5193695 45.6576777)
8892348811,45.654178,-73.523335,3,,,POINT (-73.523335 45.654178)
8892349011,45.648509,-73.5287379,3,,,POINT (-73.5287379 45.648509)
8892349036,45.6479805,-73.5275588,3,,,POINT (-73.5275588 45.6479805)
8892349158,45.6473099,-73.5260879,3,,,POINT (-73.5260879 45.6473099)
8892349160,45.6483393,-73.5277207,3,,,POINT (-73.5277207 45.6483393)
8892969686,45.6493218,-73.5306881,3,,,POINT (-73.5306881 45.6493218)
8893001423,45.6587562,-73.5228056,3,,crossing,POINT (-73.5228056 45.6587562)
8893268380,45.6435363,-73.5327888,3,,,POINT (-73.5327888 45.6435363)
8893268396,45.6432372,-73.5322031,3,,,POINT (-73.5322031 45.6432372)
8894840453,45.6137074,-73.5590458,3,,,POINT (-73.5590458 45.6137074)
8894840485,45.6155357,-73.5610455,1,,,POINT (-73.5610455 45.6155357)
8894840703,45.614296,-73.5585168,3,,,POINT (-73.5585168 45.614296)
8894840937,45.6133533,-73.5574034,1,,,POINT (-73.5574034 45.6133533)
8894841151,45.613613,-73.5573293,3,,,POINT (-73.5573293 45.613613)
8894922063,45.6174102,-73.5558034,3,,,POINT (-73.5558034 45.6174102)
8894922101,45.6139622,-73.5580791,3,,,POINT (-73.5580791 45.6139622)
8907195382,45.5409929,-73.6423318,3,,,POINT (-73.6423318 45.5409929)
8907195389,45.5408482,-73.6418153,3,,,POINT (-73.6418153 45.5408482)
8909946312,45.5453227,-73.6385162,3,,,POINT (-73.6385162 45.5453227)
8910220031,45.5491596,-73.635227,3,,crossing,POINT (-73.635227 45.5491596)
8910220033,45.5490281,-73.6356208,3,,,POINT (-73.6356208 45.5490281)
8910220054,45.5492159,-73.6353338,4,,,POINT (-73.6353338 45.5492159)
8910220055,45.5491896,-73.6353731,4,,,POINT (-73.6353731 45.5491896)
8910223289,45.5491895,-73.6350056,3,,,POINT (-73.6350056 45.5491895)
8910230488,45.5491671,-73.6347952,3,73,motorway_junction,POINT (-73.6347952 45.5491671)
8910270048,45.5505792,-73.6293514,3,,,POINT (-73.6293514 45.5505792)
8911513391,45.5505984,-73.6301995,3,,,POINT (-73.6301995 45.5505984)
8911539405,45.5494699,-73.6308751,3,,,POINT (-73.6308751 45.5494699)
8914324678,45.5520687,-73.6268962,3,,crossing,POINT (-73.6268962 45.5520687)
8914687034,45.5553161,-73.6237714,3,,crossing,POINT (-73.6237714 45.5553161)
8914687315,45.5532076,-73.6238821,3,,,POINT (-73.6238821 45.5532076)
8914687316,45.5535205,-73.6242739,3,,,POINT (-73.6242739 45.5535205)
8914687319,45.5534618,-73.6243795,3,,,POINT (-73.6243795 45.5534618)
8914739742,45.5539566,-73.6230683,3,73,motorway_junction,POINT (-73.6230683 45.5539566)
8914747540,45.5538339,-73.6227214,3,,,POINT (-73.6227214 45.5538339)
8914747597,45.5537824,-73.6203731,3,,,POINT (-73.6203731 45.5537824)
8914747689,45.5531898,-73.6189003,3,,crossing,POINT (-73.6189003 45.5531898)
8915036854,45.5556281,-73.6236935,3,,,POINT (-73.6236935 45.5556281)
8915036874,45.5555144,-73.6231528,3,,crossing,POINT (-73.6231528 45.5555144)
8915054643,45.5542141,-73.6229996,3,,,POINT (-73.6229996 45.5542141)
8915054701,45.5551755,-73.6207054,3,,,POINT (-73.6207054 45.5551755)
8916409649,45.5554699,-73.6170032,3,,crossing,POINT (-73.6170032 45.5554699)
8916409656,45.5555319,-73.6169305,4,,,POINT (-73.6169305 45.5555319)
8916409657,45.5555413,-73.6169751,4,,,POINT (-73.6169751 45.5555413)
8916409658,45.5555646,-73.616894,4,,,POINT (-73.616894 45.5555646)
8916409659,45.5556032,-73.6169509,4,,,POINT (-73.6169509 45.5556032)
8916568419,45.556559,-73.6160835,3,,crossing,POINT (-73.6160835 45.556559)
8916568508,45.5570727,-73.6147885,3,,,POINT (-73.6147885 45.5570727)
8916727780,45.5532153,-73.6190322,4,,,POINT (-73.6190322 45.5532153)
8916727781,45.5532585,-73.6189954,4,,,POINT (-73.6189954 45.5532585)
8916727791,45.5548636,-73.6203103,3,,,POINT (-73.6203103 45.5548636)
8916749929,45.5572634,-73.616116,3,,,POINT (-73.616116 45.5572634)
8917810530,45.5581355,-73.6147684,3,,crossing,POINT (-73.6147684 45.5581355)
8917810556,45.5590947,-73.6137408,3,,,POINT (-73.6137408 45.5590947)
8917810557,45.5590346,-73.6137723,4,,,POINT (-73.6137723 45.5590346)
8917810560,45.5590746,-73.6138286,3,,,POINT (-73.6138286 45.5590746)
8920864222,45.5629154,-73.6059133,3,,,POINT (-73.6059133 45.5629154)
8922298116,45.5708875,-73.5995555,3,,,POINT (-73.5995555 45.5708875)
8925465484,45.4871823,-73.5443002,4,,,POINT (-73.5443002 45.4871823)
8925465485,45.4873249,-73.5436289,3,,,POINT (-73.5436289 45.4873249)
8925472380,45.4872126,-73.5439027,3,,,POINT (-73.5439027 45.4872126)
8925472387,45.487338,-73.5453654,1,,,POINT (-73.5453654 45.487338)
8925472403,45.4869332,-73.5453559,4,,,POINT (-73.5453559 45.4869332)
8927343474,45.5753509,-73.5920006,3,,,POINT (-73.5920006 45.5753509)
8927405140,45.5753158,-73.5958029,3,,,POINT (-73.5958029 45.5753158)
8927405163,45.5772285,-73.5962831,3,,,POINT (-73.5962831 45.5772285)
8927405386,45.5805669,-73.590215,3,,,POINT (-73.590215 45.5805669)
8927760410,45.5840827,-73.5878895,3,,,POINT (-73.5878895 45.5840827)
8927835425,45.5925131,-73.5759924,3,,,POINT (-73.5759924 45.5925131)
8927835435,45.5922645,-73.5754642,3,,,POINT (-73.5754642 45.5922645)
8927835495,45.5942473,-73.5765213,3,,,POINT (-73.5765213 45.5942473)
8927835514,45.5951531,-73.5753766,3,,,POINT (-73.5753766 45.5951531)
8927835532,45.5970844,-73.5728517,3,,,POINT (-73.5728517 45.5970844)
8927835578,45.5968742,-73.5735668,3,,,POINT (-73.5735668 45.5968742)
8927835581,45.5964316,-73.5738772,3,,,POINT (-73.5738772 45.5964316)
8927835603,45.5983485,-73.5747625,3,,,POINT (-73.5747625 45.5983485)
8927835639,45.5977982,-73.5722267,3,,,POINT (-73.5722267 45.5977982)
8928507061,45.5944838,-73.5809124,3,,,POINT (-73.5809124 45.5944838)
8928528217,45.5952972,-73.5761125,3,,,POINT (-73.5761125 45.5952972)
8928576713,45.5950818,-73.5764075,3,,,POINT (-73.5764075 45.5950818)
8928722533,45.5848365,-73.586343,3,,,POINT (-73.586343 45.5848365)
8928725042,45.5986218,-73.5692957,3,,,POINT (-73.5692957 45.5986218)
8929146475,45.5793124,-73.5913061,3,,,POINT (-73.5913061 45.5793124)
8929146509,45.580962,-73.5897034,3,,,POINT (-73.5897034 45.580962)
8929247857,45.5841299,-73.5869981,3,,,POINT (-73.5869981 45.5841299)
8929247888,45.5812828,-73.5890449,3,,,POINT (-73.5890449 45.5812828)
8929248432,45.5817978,-73.5865332,3,,,POINT (-73.5865332 45.5817978)
8930615792,45.5426023,-73.6291868,4,,,POINT (-73.6291868 45.5426023)
8932954453,45.5437362,-73.628522,4,,,POINT (-73.628522 45.5437362)
8933949767,45.5322272,-73.6529754,3,,,POINT (-73.6529754 45.5322272)
8934330757,45.5382981,-73.6144403,5,,,POINT (-73.6144403 45.5382981)
8957448993,45.5310425,-73.5985008,4,276,,POINT (-73.5985008 45.5310425)
8994248162,45.4711439,-73.5381765,1,,,POINT (-73.5381765 45.4711439)
8996944095,45.5239584,-73.58292,4,,,POINT (-73.58292 45.5239584)
9001637867,45.5217939,-73.5781674,4,,,POINT (-73.5781674 45.5217939)
9017164927,45.5188871,-73.5717821,3,,,POINT (-73.5717821 45.5188871)
9017465725,45.516905,-73.5674553,4,,,POINT (-73.5674553 45.516905)
9020967542,45.5159088,-73.5652525,4,,,POINT (-73.5652525 45.5159088)
9032084037,45.51161,-73.5557856,4,,,POINT (-73.5557856 45.51161)
9033505338,45.5109928,-73.554434,3,,,POINT (-73.554434 45.5109928)
9036317439,45.5064119,-73.559138,3,,,POINT (-73.559138 45.5064119)
9036429729,45.5075128,-73.5586831,4,,,POINT (-73.5586831 45.5075128)
9039280729,45.5064216,-73.55976,3,,,POINT (-73.55976 45.5064216)
9242979529,45.5906786,-73.5810727,3,,,POINT (-73.5810727 45.5906786)
9379062707,45.4732964,-73.6105373,3,,,POINT (-73.6105373 45.4732964)
9379062708,45.4733744,-73.6104255,4,,,POINT (-73.6104255 45.4733744)
9439902641,45.4981176,-73.6487098,2,,,POINT (-73.6487098 45.4981176)
9459004972,45.4998709,-73.6471616,2,,,POINT (-73.6471616 45.4998709)
9522453869,45.5139982,-73.7199808,3,,,POINT (-73.7199808 45.5139982)
9523114548,45.5218374,-73.708079,3,,,POINT (-73.708079 45.5218374)
9523114585,45.52247,-73.7070911,3,,,POINT (-73.7070911 45.52247)
9523114591,45.5219739,-73.7071354,3,,,POINT (-73.7071354 45.5219739)
9523114596,45.5223352,-73.7070831,3,,,POINT (-73.7070831 45.5223352)
9524235010,45.5259828,-73.699019,2,,,POINT (-73.699019 45.5259828)
9524274876,45.5281131,-73.6933273,3,,,POINT (-73.6933273 45.5281131)
9524599356,45.5224047,-73.7077995,3,,,POINT (-73.7077995 45.5224047)
9524636151,45.5291221,-73.6830726,1,,,POINT (-73.6830726 45.5291221)
9528513190,45.5502751,-73.6707318,3,,crossing,POINT (-73.6707318 45.5502751)
9528513214,45.5502977,-73.6708365,4,,,POINT (-73.6708365 45.5502977)
9528513215,45.5503396,-73.6710321,4,,,POINT (-73.6710321 45.5503396)
9533219993,45.5509052,-73.6558747,3,,crossing,POINT (-73.6558747 45.5509052)
9533219995,45.550848,-73.6559001,4,,,POINT (-73.6559001 45.550848)
9533219996,45.5508564,-73.6559514,4,,,POINT (-73.6559514 45.5508564)
9534569834,45.4228272,-73.6520995,3,,,POINT (-73.6520995 45.4228272)
9534570035,45.4258174,-73.6494286,3,,,POINT (-73.6494286 45.4258174)
9534570145,45.4223395,-73.651663,3,1,motorway_junction,POINT (-73.651663 45.4223395)
9534615956,45.4239498,-73.6458216,3,,,POINT (-73.6458216 45.4239498)
9534616009,45.4253956,-73.6491911,3,,,POINT (-73.6491911 45.4253956)
9535891363,45.4319394,-73.650326,3,2,motorway_junction,POINT (-73.650326 45.4319394)
9535891379,45.4318481,-73.650412,3,,,POINT (-73.650412 45.4318481)
9535902861,45.433848,-73.6499761,3,,,POINT (-73.6499761 45.433848)
9535902947,45.4371987,-73.6498752,3,,,POINT (-73.6498752 45.4371987)
9535902979,45.4371852,-73.6500352,3,2,motorway_junction,POINT (-73.6500352 45.4371852)
9607807735,45.6158721,-73.6296138,4,,,POINT (-73.6296138 45.6158721)
9644371834,45.5315986,-73.7251636,3,,,POINT (-73.7251636 45.5315986)
9645426989,45.5264226,-73.7142273,4,,,POINT (-73.7142273 45.5264226)
9645426990,45.5267878,-73.7139267,3,,,POINT (-73.7139267 45.5267878)
9647399303,45.5096209,-73.6872128,3,,,POINT (-73.6872128 45.5096209)
9648606090,45.5098281,-73.6884176,3,,,POINT (-73.6884176 45.5098281)
9648852534,45.5134313,-73.6935241,3,,,POINT (-73.6935241 45.5134313)
9648994935,45.5127926,-73.6932312,1,,,POINT (-73.6932312 45.5127926)
9649053421,45.521799,-73.707082,3,,,POINT (-73.707082 45.521799)
9649232653,45.5127241,-73.6924103,3,,,POINT (-73.6924103 45.5127241)
9652075093,45.5468864,-73.6599206,3,,crossing,POINT (-73.6599206 45.5468864)
9652075094,45.5469587,-73.6598144,4,,,POINT (-73.6598144 45.5469587)
9652124126,45.5443954,-73.6614383,2,,crossing,POINT (-73.6614383 45.5443954)
9653770307,45.5289924,-73.668719,3,,,POINT (-73.668719 45.5289924)
9654936883,45.5157519,-73.6791891,3,,,POINT (-73.6791891 45.5157519)
9656351888,45.4994714,-73.7011527,3,,,POINT (-73.7011527 45.4994714)
9659669646,45.5051567,-73.7109239,3,,,POINT (-73.7109239 45.5051567)
9662865854,45.4960424,-73.6993286,3,,,POINT (-73.6993286 45.4960424)
9725663473,45.4708322,-73.5452351,3,,,POINT (-73.5452351 45.4708322)
9767959615,45.4983576,-73.7486814,3,,,POINT (-73.7486814 45.4983576)
9767975228,45.4873208,-73.7320128,3,,,POINT (-73.7320128 45.4873208)
9767985486,45.4983684,-73.7499722,3,,,POINT (-73.7499722 45.4983684)
9768147163,45.4910098,-73.7443486,3,,,POINT (-73.7443486 45.4910098)
9768147172,45.4889391,-73.7193941,3,,,POINT (-73.7193941 45.4889391)
9768147179,45.4893948,-73.716881,3,,,POINT (-73.716881 45.4893948)
9770109898,45.4904672,-73.7519752,3,,,POINT (-73.7519752 45.4904672)
9770109901,45.4905828,-73.7566914,3,,,POINT (-73.7566914 45.4905828)
9770109913,45.4903484,-73.7596967,3,,,POINT (-73.7596967 45.4903484)
9770109914,45.4903996,-73.7588678,3,,,POINT (-73.7588678 45.4903996)
9770112482,45.4886566,-73.7638483,3,,,POINT (-73.7638483 45.4886566)
9770112551,45.4903548,-73.7362454,3,,,POINT (-73.7362454 45.4903548)
9772590383,45.5134211,-73.7195644,3,,,POINT (-73.7195644 45.5134211)
9776192133,45.5355264,-73.7027976,3,,,POINT (-73.7027976 45.5355264)
9776701903,45.5367509,-73.7010242,3,,,POINT (-73.7010242 45.5367509)
9779685976,45.4876299,-73.7165076,1,,,POINT (-73.7165076 45.4876299)
9779742603,45.4687374,-73.7002529,3,,,POINT (-73.7002529 45.4687374)
9779742614,45.4573766,-73.697231,3,,,POINT (-73.697231 45.4573766)
9779752122,45.4738091,-73.7071778,3,,,POINT (-73.7071778 45.4738091)
9781673161,45.4483095,-73.717631,3,,,POINT (-73.717631 45.4483095)
9781714939,45.4474415,-73.6810642,3,,,POINT (-73.6810642 45.4474415)
9784177042,45.5336727,-73.6746969,3,,,POINT (-73.6746969 45.5336727)
9784177046,45.5318771,-73.6669991,3,,,POINT (-73.6669991 45.5318771)
9784177052,45.5336482,-73.6814277,3,,,POINT (-73.6814277 45.5336482)
9794639254,45.5412935,-73.6953119,3,,,POINT (-73.6953119 45.5412935)
9794639266,45.5408004,-73.6957595,4,,,POINT (-73.6957595 45.5408004)
9794755299,45.4927852,-73.6797811,3,,,POINT (-73.6797811 45.4927852)
9794757449,45.4757994,-73.705126,3,,,POINT (-73.705126 45.4757994)
9795913719,45.4945079,-73.6827988,3,,,POINT (-73.6827988 45.4945079)
9796317771,45.4949706,-73.6879044,3,,,POINT (-73.6879044 45.4949706)
9796400250,45.4909045,-73.6955832,3,,,POINT (-73.6955832 45.4909045)
9802676182,45.4395201,-73.6984173,3,,,POINT (-73.6984173 45.4395201)
9807570739,45.4387145,-73.664575,3,,,POINT (-73.664575 45.4387145)
9824110654,45.4293484,-73.6088975,1,,,POINT (-73.6088975 45.4293484)
9846701038,45.4508482,-73.6334244,3,,,POINT (-73.6334244 45.4508482)
9848026263,45.4649437,-73.6069372,3,,,POINT (-73.6069372 45.4649437)
9853256381,45.4649726,-73.5861724,3,,,POINT (-73.5861724 45.4649726)
9853256385,45.4653945,-73.5818972,3,,,POINT (-73.5818972 45.4653945)
9854555766,45.4701035,-73.5386992,3,,,POINT (-73.5386992 45.4701035)
9883382633,45.4729616,-73.597521,3,,,POINT (-73.597521 45.4729616)
9883512228,45.4739367,-73.5960139,3,,,POINT (-73.5960139 45.4739367)
9883643342,45.4735808,-73.6099464,3,,,POINT (-73.6099464 45.4735808)
9885886678,45.5022747,-73.6678991,3,,,POINT (-73.6678991 45.5022747)
9885886692,45.5046674,-73.6650171,3,66,motorway_junction,POINT (-73.6650171 45.5046674)
9885886704,45.5066943,-73.6642468,3,,,POINT (-73.6642468 45.5066943)
9885979670,45.5103107,-73.6885175,3,,,POINT (-73.6885175 45.5103107)
9887293850,45.4937802,-73.6538589,1,,,POINT (-73.6538589 45.4937802)
9888059481,45.4755881,-73.5736636,3,,,POINT (-73.5736636 45.4755881)
9891309835,45.4716003,-73.6478218,4,,,POINT (-73.6478218 45.4716003)
9891309837,45.4716476,-73.6477545,4,,,POINT (-73.6477545 45.4716476)
9897255728,45.4637713,-73.6290708,3,,crossing,POINT (-73.6290708 45.4637713)
9897255729,45.4637032,-73.62899,4,,,POINT (-73.62899 45.4637032)
9897255730,45.4637345,-73.6289315,4,,,POINT (-73.6289315 45.4637345)
9921650702,45.5295419,-73.6500679,3,,,POINT (-73.6500679 45.5295419)
9922188297,45.5309707,-73.6497647,3,,,POINT (-73.6497647 45.5309707)
9922627542,45.529743,-73.6489319,3,,,POINT (-73.6489319 45.529743)
9922627544,45.5300172,-73.6486895,3,,motorway_junction,POINT (-73.6486895 45.5300172)
9922654517,45.532055,-73.6479735,3,,,POINT (-73.6479735 45.532055)
9922654520,45.5319006,-73.6476422,3,,,POINT (-73.6476422 45.5319006)
9922751263,45.5392806,-73.6430302,3,,,POINT (-73.6430302 45.5392806)
9922751268,45.5422075,-73.6415324,3,,,POINT (-73.6415324 45.5422075)
9922780606,45.5489213,-73.6343909,1,,,POINT (-73.6343909 45.5489213)
9922780607,45.5491688,-73.6343499,3,,,POINT (-73.6343499 45.5491688)
9922909203,45.5669366,-73.6029071,3,,,POINT (-73.6029071 45.5669366)
9922909204,45.5657458,-73.6037457,3,,,POINT (-73.6037457 45.5657458)
9922909209,45.5782007,-73.5930583,3,,,POINT (-73.5930583 45.5782007)
9922909215,45.5795865,-73.5917933,3,,,POINT (-73.5917933 45.5795865)
9922981739,45.5846418,-73.5872412,3,,,POINT (-73.5872412 45.5846418)
9922981745,45.5910111,-73.5815301,3,,,POINT (-73.5815301 45.5910111)
9922999797,45.5944451,-73.5805241,3,,,POINT (-73.5805241 45.5944451)
9922999804,45.5925567,-73.5746736,3,,,POINT (-73.5746736 45.5925567)
9923060472,45.5947537,-73.5770997,3,,,POINT (-73.5770997 45.5947537)
9923060474,45.5948291,-73.5758659,3,,,POINT (-73.5758659 45.5948291)
9923106749,45.6007976,-73.5700596,3,,,POINT (-73.5700596 45.6007976)
10167461285,45.5327331,-73.5674139,3,,,POINT (-73.5674139 45.5327331)
10212887324,45.5922655,-73.5304244,3,,,POINT (-73.5304244 45.5922655)
10212887364,45.5832532,-73.5269958,3,,,POINT (-73.5269958 45.5832532)
10212887378,45.587795,-73.5173816,3,3,motorway_junction,POINT (-73.5173816 45.587795)
10212887389,45.5862335,-73.5137685,3,,,POINT (-73.5137685 45.5862335)
10212887405,45.587865,-73.5175983,3,,,POINT (-73.5175983 45.587865)
10726228025,45.494937,-73.5929301,3,,,POINT (-73.5929301 45.494937)
10732310144,45.4866678,-73.6854573,3,,,POINT (-73.6854573 45.4866678)
10814756503,45.546764,-73.5437978,1,,,POINT (-73.5437978 45.546764)
10839975472,45.5109162,-73.5787989,3,,,POINT (-73.5787989 45.5109162)
10846064788,45.4871718,-73.5439014,3,,,POINT (-73.5439014 45.4871718)
10846064790,45.4871879,-73.5439866,4,,,POINT (-73.5439866 45.4871879)
10846064791,45.4871341,-73.5441695,3,,,POINT (-73.5441695 45.4871341)
10846064792,45.4872008,-73.5440467,3,,,POINT (-73.5440467 45.4872008)
10849374300,45.487694,-73.545504,1,,,POINT (-73.545504 45.487694)
10863546327,45.4519181,-73.5676786,3,,,POINT (-73.5676786 45.4519181)
10863546379,45.4505685,-73.5680972,3,,,POINT (-73.5680972 45.4505685)
10903715457,45.6136161,-73.5579666,1,,,POINT (-73.5579666 45.6136161)
10908045093,45.6099779,-73.579131,3,,,POINT (-73.579131 45.6099779)
10911944588,45.5470368,-73.5596474,3,,,POINT (-73.5596474 45.5470368)
10913959485,45.6165402,-73.5942867,3,,,POINT (-73.5942867 45.6165402)
10916525872,45.6471593,-73.5260424,3,,,POINT (-73.5260424 45.6471593)
10916608851,45.6586821,-73.5229714,3,,,POINT (-73.5229714 45.6586821)
10916654111,45.6683132,-73.5187736,3,,,POINT (-73.5187736 45.6683132)
10944274006,45.49123,-73.5879396,4,,,POINT (-73.5879396 45.49123)
10944360628,45.4940549,-73.5888439,3,,,POINT (-73.5888439 45.4940549)
10961924796,45.4953063,-73.5914729,1,,,POINT (-73.5914729 45.4953063)
10963898091,45.4932002,-73.6949098,3,,,POINT (-73.6949098 45.4932002)
10979126808,45.4880548,-73.5829742,4,,,POINT (-73.5829742 45.4880548)
10989468578,45.4889074,-73.5570539,3,,,POINT (-73.5570539 45.4889074)
10992291921,45.4403459,-73.5798731,2,,,POINT (-73.5798731 45.4403459)
11005799394,45.4938523,-73.5750888,4,,,POINT (-73.5750888 45.4938523)
11005799395,45.4942275,-73.5759731,2,,,POINT (-73.5759731 45.4942275)
11007829474,45.5143934,-73.5526213,4,,traffic_signals,POINT (-73.5526213 45.5143934)
11009055921,45.5207177,-73.5355832,3,,,POINT (-73.5355832 45.5207177)
11009055923,45.5206902,-73.5347173,4,,,POINT (-73.5347173 45.5206902)
11055368123,45.5957251,-73.5454344,3,,,POINT (-73.5454344 45.5957251)
11055590215,45.5931861,-73.537077,3,,,POINT (-73.537077 45.5931861)
11055590216,45.5930537,-73.5370074,3,,,POINT (-73.5370074 45.5930537)
11055590233,45.5989433,-73.5522945,3,,,POINT (-73.5522945 45.5989433)
11056804255,45.5934335,-73.5401426,3,,,POINT (-73.5401426 45.5934335)
11056892860,45.4809069,-73.5777518,3,,,POINT (-73.5777518 45.4809069)
11084297196,45.593337,-73.5362947,3,,,POINT (-73.5362947 45.593337)
11084297203,45.5925201,-73.5331585,3,,,POINT (-73.5331585 45.5925201)
11084309305,45.5928721,-73.5350675,3,5,motorway_junction,POINT (-73.5350675 45.5928721)
11367035107,45.4998057,-73.5724387,1,,,POINT (-73.5724387 45.4998057)
11420775856,45.5850286,-73.5061408,1,,,POINT (-73.5061408 45.5850286)
11420775857,45.5850797,-73.5061231,1,,,POINT (-73.5061231 45.5850797)
11564332389,45.5300782,-73.6223281,4,,,POINT (-73.6223281 45.5300782)
11564332390,45.530108,-73.6224638,3,,,POINT (-73.6224638 45.530108)
11564332394,45.5301992,-73.6223896,3,,,POINT (-73.6223896 45.5301992)
11564332408,45.5289371,-73.6230905,3,,,POINT (-73.6230905 45.5289371)
11565235214,45.524221,-73.6258173,4,,,POINT (-73.6258173 45.524221)
11565235215,45.5242603,-73.6259216,4,,,POINT (-73.6259216 45.5242603)
11645555219,45.5473532,-73.6255036,3,,crossing,POINT (-73.6255036 45.5473532)
11650016396,45.5173308,-73.550311,3,,,POINT (-73.550311 45.5173308)
11832695472,45.4906828,-73.5886211,3,,,POINT (-73.5886211 45.4906828)
11832832105,45.4917697,-73.5873362,3,,,POINT (-73.5873362 45.4917697)
12124735066,45.5924665,-73.5322391,3,,,POINT (-73.5322391 45.5924665)
12192861809,45.5000366,-73.6706527,3,,,POINT (-73.6706527 45.5000366)
